PNA,ADRESS,WOJ
26-212 Adamów,Smyków konecki,świętokrzyskie
27-540 Adamów,Lipnik opatowski,świętokrzyskie
27-500 Adamów,Opatów opatowski,świętokrzyskie
27-230 Adamów,Brody starachowicki,świętokrzyskie
62-590 Adamów (Spławie-Stacja Kolejowa),Golina koniński,wielkopolskie
62-590 Adamów,Golina koniński,wielkopolskie
62-590 Adamów (Adamów-Kolonia),Golina koniński,wielkopolskie
62-513 Adamów,Krzymów koniński,wielkopolskie
05-651 Adamów Drwalewski,Chynów grójecki,mazowieckie
05-650 Adamów Rososki,Chynów grójecki,mazowieckie
05-152 Adamówek,Czosnów nowodworski,mazowieckie
96-320 Adamówek,Mszczonów żyrardowski,mazowieckie
22-335 Adamówka,Żółkiewka krasnostawski,lubelskie
37-534 Adamówka,Adamówka przeworski,podkarpackie
28-236 Adamówka,Rytwiany staszowski,świętokrzyskie
96-325 Adamów-Parcel,Radziejowice żyrardowski,mazowieckie
96-325 Adamów-Wieś,Radziejowice żyrardowski,mazowieckie
22-200 Adampol,Wyryki włodawski,lubelskie
07-120 Adampol,Korytnica węgrowski,mazowieckie
05-281 Adampol,Jadów wołomiński,mazowieckie
18-525 Adamusy,Turośl kolneński,podlaskie
07-230 Adelin,Zabrodzie wyszkowski,mazowieckie
07-230 Adelin (Grzegorzewo),Zabrodzie wyszkowski,mazowieckie
22-546 Adelina,Werbkowice hrubieszowski,lubelskie
24-350 Adelina,Chodel opolski,lubelskie
97-330 Adelinów,Sulejów piotrkowski,łódzkie
26-260 Adelinów,Fałków konecki,świętokrzyskie
22-130 Adolfin,Siedliszcze chełmski,lubelskie
26-670 Adolfin,Pionki radomski,mazowieckie
97-340 Adolfinów,Rozprza piotrkowski,łódzkie
62-068 Adolfowo,Rakoniewice grodziski,wielkopolskie
95-100 Adolfów,Zgierz zgierski,łódzkie
08-322 Adolfów,Ceranów sokołowski,mazowieckie
26-330 Afryka,Żarnów opoczyński,łódzkie
23-230 Agatówka,Trzydnik Duży kraśnicki,lubelskie
37-450 Agatówka,Zaleszany stalowowolski,podkarpackie
87-890 Agnieszkowo,Lubraniec włocławski,kujawsko-pomorskie
09-227 Agnieszkowo,Szczutowo sierpecki,mazowieckie
97-212 Agnopol,Budziszewice tomaszowski,łódzkie
16-424 Agrafinówka,Filipów suwalski,podlaskie
37-734 Aksmanice,Fredropol przemyski,podkarpackie
26-067 Akwizgran,Strawczyn kielecki,świętokrzyskie
62-065 Albertowsko,Grodzisk Wielkopolski grodziski,wielkopolskie
21-013 Albertów,Puchaczów łęczyński,lubelskie
95-083 Albertów,Lutomiersk pabianicki,łódzkie
97-217 Albertów,Lubochnia tomaszowski,łódzkie
97-221 Albertów,Rokiciny tomaszowski,łódzkie
42-165 Albertów,Lipie kłobucki,śląskie
62-700 Albertów,Turek turecki,wielkopolskie
37-122 Albigowa,Łańcut łańcucki,podkarpackie
95-015 Albinów,Głowno zgierski,łódzkie
08-122 Albinów,Kotuń siedlecki,mazowieckie
08-330 Albinów,Kosów Lacki sokołowski,mazowieckie
23-450 Albinów Duży,Goraj biłgorajski,lubelskie
23-450 Albinów Mały,Goraj biłgorajski,lubelskie
95-035 Aleksandria,Ozorków zgierski,łódzkie
"05-192 Aleksandria,""4-6, 7-9(n), Nowe Miasto płoński"",mazowieckie"
,12-15,
"09-120 Aleksandria,""8-10(p), 11, 31 Nowe Miasto płoński"",mazowieckie"
96-330 Aleksandria,Puszcza Mariańska żyrardowski,mazowieckie
42-274 Aleksandria (Aleksandria Druga),Konopiska częstochowski,śląskie
42-274 Aleksandria (Aleksandria Pierwsza),Konopiska częstochowski,śląskie
62-874 Aleksandria,Brzeziny kaliski,wielkopolskie
22-360 Aleksandria Krzywowolska,Rejowiec chełmski,lubelskie
22-360 Aleksandria Niedziałowska,Rejowiec chełmski,lubelskie
56-160 Aleksandrowice,Wińsko wołowski,dolnośląskie
32-084 Aleksandrowice,Zabierzów krakowski,małopolskie
86-022 Aleksandrowiec,Dobrcz bydgoski,kujawsko-pomorskie
86-022 Aleksandrowo,Dobrcz bydgoski,kujawsko-pomorskie
87-880 Aleksandrowo,Brześć Kujawski włocławski,kujawsko-pomorskie
88-192 Aleksandrowo,Barcin żniński,kujawsko-pomorskie
07-402 Aleksandrowo,Lelis ostrołęcki,mazowieckie
07-405 Aleksandrowo,Troszyn ostrołęcki,mazowieckie
09-440 Aleksandrowo,Staroźreby płocki,mazowieckie
06-330 Aleksandrowo,Chorzele przasnyski,mazowieckie
16-503 Aleksandrowo,Krasnopol sejneński,podlaskie
17-315 Aleksandrowo,Grodzisk siemiatycki,podlaskie
16-423 Aleksandrowo,Bakałarzewo suwalski,podlaskie
12-250 Aleksandrowo,Orzysz piski,warmińsko-mazurskie
63-800 Aleksandrowo,Gostyń gostyński,wielkopolskie
64-308 Aleksandrowo,Rakoniewice grodziski,wielkopolskie
64-400 Aleksandrowo,Międzychód międzychodzki,wielkopolskie
62-120 Aleksandrowo,Wapno wągrowiecki,wielkopolskie
23-408 Aleksandrów (Aleksandrów Trzeci),Aleksandrów biłgorajski,lubelskie
23-408 Aleksandrów,Aleksandrów biłgorajski,lubelskie
23-408 Aleksandrów (Aleksandrów Drugi),Aleksandrów biłgorajski,lubelskie
23-408 Aleksandrów (Aleksandrów Pierwszy),Aleksandrów biłgorajski,lubelskie
23-275 Aleksandrów,Gościeradów kraśnicki,lubelskie
21-400 Aleksandrów,Łuków łukowski,lubelskie
21-421 Aleksandrów,Stanin łukowski,lubelskie
97-438 Aleksandrów,Rusiec bełchatowski,łódzkie
99-307 Aleksandrów,Strzelce kutnowski,łódzkie
99-319 Aleksandrów,Żychlin kutnowski,łódzkie
26-337 Aleksandrów,Aleksandrów piotrkowski,łódzkie
97-360 Aleksandrów,Kamieńsk radomszczański,łódzkie
96-230 Aleksandrów,Biała Rawska rawski,łódzkie
97-225 Aleksandrów,Ujazd tomaszowski,łódzkie
26-811 Aleksandrów,Wyśmierzyce białobrzeski,mazowieckie
08-450 Aleksandrów,Łaskarzew garwoliński,mazowieckie
09-540 Aleksandrów,Sanniki gostyniński,mazowieckie
05-652 Aleksandrów,Pniewy grójecki,mazowieckie
26-910 Aleksandrów,Magnuszew kozienicki,mazowieckie
05-126 Aleksandrów,Nieporęt legionowski,mazowieckie
27-350 Aleksandrów,Sienno lipski,mazowieckie
05-306 Aleksandrów,Jakubów miński,mazowieckie
05-152 Aleksandrów,Czosnów nowodworski,mazowieckie
05-530 Aleksandrów,Góra Kalwaria piaseczyński,mazowieckie
26-630 Aleksandrów,Jedlnia-Letnisko radomski,mazowieckie
96-521 Aleksandrów,Iłów sochaczewski,mazowieckie
96-514 Aleksandrów,Rybno sochaczewski,mazowieckie
26-510 Aleksandrów,Chlewiska szydłowiecki,mazowieckie
96-317 Aleksandrów,Wiskitki żyrardowski,mazowieckie
46-320 Aleksandrów,Praszka oleski,opolskie
42-230 Aleksandrów,Koniecpol częstochowski,śląskie
42-140 Aleksandrów,Panki kłobucki,śląskie
28-340 Aleksandrów,Sędziszów jędrzejowski,świętokrzyskie
28-340 Aleksandrów (Sadki),Sędziszów jędrzejowski,świętokrzyskie
28-425 Aleksandrów,Pińczów pińczowski,świętokrzyskie
62-831 Aleksandrów,Mycielin kaliski,wielkopolskie
62-652 Aleksandrów,Chodów kolski,wielkopolskie
62-652 Aleksandrów (Stawiska),Chodów kolski,wielkopolskie
62-652 Aleksandrów (Kocewia Mała),Chodów kolski,wielkopolskie
63-040 Aleksandrów,Nowe Miasto nad Wartą średzki,wielkopolskie
62-731 Aleksandrów,Przykona turecki,wielkopolskie
27-350 Aleksandrów Duży,Sienno lipski,mazowieckie
87-700 Aleksandrów Kujawski (Halinowo),Aleksandrów Kujawski aleksandrowski,kujawsko-pomorskie
87-700 Aleksandrów Kujawski,Aleksandrów Kujawski aleksandrowski,kujawsko-pomorskie
95-070 Aleksandrów Łódzki,Aleksandrów Łódzki zgierski,łódzkie
98-100 Aleksandrówek,Łask łaski,łódzkie
99-150 Aleksandrówek,Grabów łęczycki,łódzkie
99-200 Aleksandrówek,Poddębice poddębicki,łódzkie
62-580 Aleksandrówek,Grodziec koniński,wielkopolskie
21-570 Aleksandrówka,Drelów bialski,lubelskie
22-107 Aleksandrówka,Sawin chełmski,lubelskie
23-320 Aleksandrówka,Batorz janowski,lubelskie
21-140 Aleksandrówka,Michów lubartowski,lubelskie
21-450 Aleksandrówka,Stoczek Łukowski łukowski,lubelskie
21-450 Aleksandrówka (Chrusty),Stoczek Łukowski łukowski,lubelskie
99-321 Aleksandrówka,Żychlin kutnowski,łódzkie
05-622 Aleksandrówka,Belsk Duży grójecki,mazowieckie
26-900 Aleksandrówka,Kozienice kozienicki,mazowieckie
05-311 Aleksandrówka,Dębe Wielkie miński,mazowieckie
07-110 Aleksandrówka,Grębków węgrowski,mazowieckie
26-720 Aleksandrówka,Policzna zwoleński,mazowieckie
16-411 Aleksandrówka,Szypliszki suwalski,podlaskie
42-248 Aleksandrówka,Przyrów częstochowski,śląskie
62-600 Aleksandrówka,Koło kolski,wielkopolskie
09-500 Aleksandrynów,Gostynin gostyniński,mazowieckie
16-060 Aleksicze,Zabłudów białostocki,podlaskie
16-506 Aleksiejówka,Giby sejneński,podlaskie
05-604 Alfonsowo,Jasieniec grójecki,mazowieckie
98-105 Alfonsów,Wodzierady łaski,łódzkie
26-333 Alfonsów,Paradyż opoczyński,łódzkie
99-232 Alfonsów,Zadzim poddębicki,łódzkie
09-533 Alfonsów,Słubice płocki,mazowieckie
39-460 Alfredówka,Nowa Dęba tarnobrzeski,podkarpackie
62-540 Alinowo,Kleczew koniński,wielkopolskie
22-122 Alojzów,Leśniowice chełmski,lubelskie
22-550 Alojzów,Werbkowice hrubieszowski,lubelskie
27-100 Alojzów,Iłża radomski,mazowieckie
88-210 Altana,Dobre radziejowski,kujawsko-pomorskie
96-500 Altanka,Sochaczew sochaczewski,mazowieckie
66-439 Altona,Krzeszyce sulęciński,lubuskie
32-566 Alwernia,Alwernia chrzanowski,małopolskie
47-494 Amandów,Pietrowice Wielkie raciborski,śląskie
99-122 Ambrożew,Góra Świętej Małgorzaty łęczycki,łódzkie
27-225 Ambrożów,Pawłów starachowicki,świętokrzyskie
21-132 Amelin,Kamionka lubartowski,lubelskie
21-220 Amelin,Siemień parczewski,lubelskie
97-500 Amelin,Radomsko radomszczański,łódzkie
06-212 Amelin,Krasnosielc makowski,mazowieckie
26-001 Ameliówka,Masłów kielecki,świętokrzyskie
89-200 Ameryczka,Szubin nakielski,kujawsko-pomorskie
22-530 Ameryka,Mircze hrubieszowski,lubelskie
46-300 Ameryka,Olesno oleski,opolskie
11-015 Ameryka,Olsztynek olsztyński,warmińsko-mazurskie
95-045 Anastazew,Parzęczew zgierski,łódzkie
07-230 Anastazew,Zabrodzie wyszkowski,mazowieckie
62-436 Anastazewo,Powidz słupecki,wielkopolskie
97-400 Anastazów,Bełchatów bełchatowski,łódzkie
09-541 Anatolin,Pacyna gostyniński,mazowieckie
17-210 Ancuty,Narew hajnowski,podlaskie
95-020 Andrespol,Andrespol łódzki wschodni,łódzkie
27-650 Andruszkowice,Samborzec sandomierski,świętokrzyskie
34-120 Andrychów,Andrychów wadowicki,małopolskie
18-507 Andrychy,Grabowo kolneński,podlaskie
17-111 Andryjanki,Boćki bielski,podlaskie
07-305 Andrzejewo,Andrzejewo ostrowski,mazowieckie
07-305 Andrzejewo (Andrzejewo-Kolonie),Andrzejewo ostrowski,mazowieckie
07-305 Andrzejewo (Andrzejewo-Zarzecze),Andrzejewo ostrowski,mazowieckie
16-411 Andrzejewo,Szypliszki suwalski,podlaskie
18-400 Andrzejki (Pączkowizna),Łomża łomżyński,podlaskie
18-400 Andrzejki,Łomża łomżyński,podlaskie
07-407 Andrzejki-Tyszki,Czerwin ostrołęcki,mazowieckie
22-113 Andrzejów,Kamień chełmski,lubelskie
23-302 Andrzejów,Godziszów janowski,lubelskie
22-234 Andrzejów,Urszulin włodawski,lubelskie
97-438 Andrzejów,Rusiec bełchatowski,łódzkie
98-432 Andrzejów,Łubnice wieruszowski,łódzkie
98-220 Andrzejów,Zduńska Wola zduńskowolski,łódzkie
05-088 Andrzejów,Brochów sochaczewski,mazowieckie
26-704 Andrzejów,Przyłęk zwoleński,mazowieckie
96-500 Andrzejów Duranowski,Sochaczew sochaczewski,mazowieckie
23-400 Andrzejówka,Biłgoraj biłgorajski,lubelskie
22-530 Andrzejówka,Mircze hrubieszowski,lubelskie
33-370 Andrzejówka,Muszyna nowosądecki,małopolskie
26-720 Andrzejówka,Policzna zwoleński,mazowieckie
22-234 Andrzejów-Osada,Urszulin włodawski,lubelskie
05-192 Andzin,Nasielsk nowodworski,mazowieckie
14-400 Anglity,Pasłęk elbląski,warmińsko-mazurskie
89-620 Angowice,Chojnice chojnicki,pomorskie
05-300 Anielew,Mińsk Mazowiecki miński,mazowieckie
62-510 Anielew,Kramsk koniński,wielkopolskie
87-327 Anielewo,Bobrowo brodnicki,kujawsko-pomorskie
62-543 Anielewo,Kazimierz Biskupi koniński,wielkopolskie
62-410 Anielewo,Zagórów słupecki,wielkopolskie
87-851 Anielin,Boniewo włocławski,kujawsko-pomorskie
23-235 Anielin,Annopol kraśnicki,lubelskie
24-100 Anielin,Puławy puławski,lubelskie
99-306 Anielin,Łanięta kutnowski,łódzkie
98-100 Anielin,Łask łaski,łódzkie
26-315 Anielin (Fryszerka),Poświętne opoczyński,łódzkie
26-315 Anielin (Ceteń),Poświętne opoczyński,łódzkie
26-315 Anielin,Poświętne opoczyński,łódzkie
97-525 Anielin,Wielgomłyny radomszczański,łódzkie
98-313 Anielin,Konopnica wieluński,łódzkie
95-010 Anielin,Stryków zgierski,łódzkie
09-500 Anielin,Gostynin gostyniński,mazowieckie
05-622 Anielin,Belsk Duży grójecki,mazowieckie
26-930 Anielin,Garbatka-Letnisko kozienicki,mazowieckie
26-914 Anielin,Magnuszew kozienicki,mazowieckie
09-120 Anielin,Nowe Miasto płoński,mazowieckie
26-640 Anielin,Skaryszew radomski,mazowieckie
62-817 Anielin,Żelazków kaliski,wielkopolskie
64-965 Anielin,Okonek złotowski,wielkopolskie
95-010 Anielin Swędowski,Stryków zgierski,łódzkie
05-306 Anielinek,Jakubów miński,mazowieckie
72-211 Anielino,Dobra łobeski,zachodniopomorskie
89-110 Anieliny,Sadki nakielski,kujawsko-pomorskie
98-338 Anielów,Sulmierzyce pajęczański,łódzkie
08-460 Anielów,Sobolew garwoliński,mazowieckie
21-140 Anielówka,Michów lubartowski,lubelskie
22-310 Anielpol,Kraśniczyn krasnostawski,lubelskie
63-620 Aniołka Druga,Trzcinica kępiński,wielkopolskie
63-620 Aniołka Pierwsza,Trzcinica kępiński,wielkopolskie
63-620 Aniołka-Parcele,Trzcinica kępiński,wielkopolskie
63-500 Aniołki,Ostrzeszów ostrzeszowski,wielkopolskie
14-400 Aniołowo,Pasłęk elbląski,warmińsko-mazurskie
82-440 Ankamaty,Dzierzgoń sztumski,pomorskie
63-200 Annapol,Jarocin jarociński,wielkopolskie
99-311 Annetów,Bedlno kutnowski,łódzkie
21-100 Annobór,Lubartów lubartowski,lubelskie
21-100 Annobór-Kolonia,Lubartów lubartowski,lubelskie
64-520 Annogóra,Obrzycko szamotulski,wielkopolskie
97-438 Annolesie,Rusiec bełchatowski,łódzkie
42-110 Annolesie,Popów kłobucki,śląskie
22-114 Annopol,Żmudź chełmski,lubelskie
22-500 Annopol,Hrubieszów hrubieszowski,lubelskie
23-235 Annopol,Annopol kraśnicki,lubelskie
21-150 Annopol,Kock lubartowski,lubelskie
09-550 Annopol,Szczawin Kościelny gostyniński,mazowieckie
05-620 Annopol,Błędów grójecki,mazowieckie
06-300 Annopol,Przasnysz przasnyski,mazowieckie
05-282 Annopol,Strachówka wołomiński,mazowieckie
62-850 Annopol,Lisków kaliski,wielkopolskie
63-910 Annopol,Miejska Górka rawicki,wielkopolskie
97-216 Annopol Duży,Czerniewice tomaszowski,łódzkie
63-022 Annopole,Środa Wielkopolska średzki,wielkopolskie
77-416 Annopole,Tarnówka złotowski,wielkopolskie
98-220 Annopole Nowe,Zduńska Wola zduńskowolski,łódzkie
98-220 Annopole Stare,Zduńska Wola zduńskowolski,łódzkie
96-232 Annosław,Regnów rawski,łódzkie
86-330 Annowo,Gruta grudziądzki,kujawsko-pomorskie
87-890 Annowo,Lubraniec włocławski,kujawsko-pomorskie
88-410 Annowo,Gąsawa żniński,kujawsko-pomorskie
89-210 Annowo,Łabiszyn żniński,kujawsko-pomorskie
62-005 Annowo,Czerwonak poznański,wielkopolskie
23-155 Annów,Zakrzew lubelski,lubelskie
99-232 Annów,Zadzim poddębicki,łódzkie
97-216 Annów,Czerniewice tomaszowski,łódzkie
26-720 Annów,Policzna zwoleński,mazowieckie
21-150 Annówka,Kock lubartowski,lubelskie
62-831 Annówka,Mycielin kaliski,wielkopolskie
21-421 Anonin,Stanin łukowski,lubelskie
63-820 Anteczków,Piaski gostyński,wielkopolskie
21-543 Antolin,Konstantynów bialski,lubelskie
23-310 Antolin,Modliborzyce janowski,lubelskie
97-212 Antolin,Budziszewice tomaszowski,łódzkie
32-210 Antolka,Książ Wielki miechowski,małopolskie
42-320 Antolka,Niegowa myszkowski,śląskie
19-520 Antomieszki,Banie Mazurskie gołdapski,warmińsko-mazurskie
07-438 Antonia,Łyse ostrołęcki,mazowieckie
12-114 Antonia,Rozogi szczycieński,warmińsko-mazurskie
07-410 Antonie,Olszewo-Borki ostrołęcki,mazowieckie
42-110 Antonie,Popów kłobucki,śląskie
97-352 Antonielów,Łęki Szlacheckie piotrkowski,łódzkie
26-070 Antonielów,Łopuszno kielecki,świętokrzyskie
99-311 Antoniew,Bedlno kutnowski,łódzkie
99-311 Antoniew (Wilkęsy),Bedlno kutnowski,łódzkie
95-083 Antoniew,Lutomiersk pabianicki,łódzkie
95-070 Antoniew,Aleksandrów Łódzki zgierski,łódzkie
95-015 Antoniew,Głowno zgierski,łódzkie
96-513 Antoniew,Nowa Sucha sochaczewski,mazowieckie
96-315 Antoniew,Wiskitki żyrardowski,mazowieckie
74-510 Antoniewice,Trzcińsko-Zdrój gryfiński,zachodniopomorskie
73-234 Antoniewko,Bierzwnik choszczeński,zachodniopomorskie
87-704 Antoniewo,Bądkowo aleksandrowski,kujawsko-pomorskie
87-400 Antoniewo,Golub-Dobrzyń golubsko-dobrzyński,kujawsko-pomorskie
87-840 Antoniewo,Lubień Kujawski włocławski,kujawsko-pomorskie
07-310 Antoniewo,Ostrów Mazowiecka ostrowski,mazowieckie
09-213 Antoniewo,Gozdowo sierpecki,mazowieckie
09-135 Antoniewo,Siemiątkowo żuromiński,mazowieckie
89-632 Antoniewo,Brusy chojnicki,pomorskie
14-300 Antoniewo,Morąg ostródzki,warmińsko-mazurskie
64-721 Antoniewo,Lubasz czarnkowsko-,wielkopolskie
,trzcianecki,
63-910 Antoniewo,Miejska Górka rawicki,wielkopolskie
62-085 Antoniewo Górne,Skoki wągrowiecki,wielkopolskie
37-600 Antoniki,Lubaczów lubaczowski,podkarpackie
56-330 Antonin,Cieszków milicki,dolnośląskie
98-260 Antonin,Burzenin sieradzki,łódzkie
98-240 Antonin,Szadek zduńskowolski,łódzkie
18-230 Antonin,Ciechanowiec wysokomazowiecki,podlaskie
82-550 Antonin,Prabuty kwidzyński,pomorskie
63-210 Antonin,Żerków jarociński,wielkopolskie
62-862 Antonin,Szczytniki kaliski,wielkopolskie
62-862 Antonin (Kornelin),Szczytniki kaliski,wielkopolskie
62-862 Antonin (Pamiątków),Szczytniki kaliski,wielkopolskie
63-421 Antonin,Przygodzice ostrowski,wielkopolskie
62-025 Antonin,Kostrzyn poznański,wielkopolskie
97-438 Antonina,Rusiec bełchatowski,łódzkie
98-337 Antonina,Strzelce Wielkie pajęczański,łódzkie
99-200 Antonina,Poddębice poddębicki,łódzkie
05-307 Antonina,Dobre miński,mazowieckie
05-306 Antonina,Jakubów miński,mazowieckie
05-340 Antoninek,Kołbiel otwocki,mazowieckie
62-060 Antoninek,Stęszew poznański,wielkopolskie
26-332 Antoninów,Sławno opoczyński,łódzkie
96-200 Antoninów,Biała Rawska rawski,łódzkie
09-520 Antoninów,1-18 Gostynin gostyniński,mazowieckie
09-500 Antoninów,19-DK Gostynin gostyniński,mazowieckie
05-504 Antoninów,Piaseczno piaseczyński,mazowieckie
09-520 Antoninów,Łąck płocki,mazowieckie
64-520 Antoniny,Obrzycko szamotulski,wielkopolskie
58-512 Antoniów,Stara Kamienica jeleniogórski,dolnośląskie
21-020 Antoniów,Milejów łęczyński,lubelskie
26-300 Antoniów,Opoczno opoczyński,łódzkie
26-330 Antoniów,Żarnów opoczyński,łódzkie
97-512 Antoniów,Kodrąb radomszczański,łódzkie
27-310 Antoniów,Ciepielów lipski,mazowieckie
26-434 Antoniów,Gielniów przysuski,mazowieckie
26-640 Antoniów,Skaryszew radomski,mazowieckie
26-510 Antoniów,Chlewiska szydłowiecki,mazowieckie
46-040 Antoniów,Ozimek opolski,opolskie
37-455 Antoniów (Brzeźnik),Radomyśl nad Sanem stalowowolski,podkarpackie
37-455 Antoniów (Siajówka),Radomyśl nad Sanem stalowowolski,podkarpackie
37-455 Antoniów (Wola Antoniowska),Radomyśl nad Sanem stalowowolski,podkarpackie
37-455 Antoniów (Za Górą),Radomyśl nad Sanem stalowowolski,podkarpackie
37-455 Antoniów,Radomyśl nad Sanem stalowowolski,podkarpackie
42-233 Antoniów,Mykanów częstochowski,śląskie
27-423 Antoniów,Bałtów ostrowiecki,świętokrzyskie
22-315 Antoniówka,Gorzków krasnostawski,lubelskie
21-102 Antoniówka,Ostrówek lubartowski,lubelskie
23-110 Antoniówka,Krzczonów lubelski,lubelskie
23-145 Antoniówka,Wysokie lubelski,lubelskie
22-610 Antoniówka,Krynice tomaszowski,lubelskie
22-435 Antoniówka,Komarów-Osada zamojski,lubelskie
97-410 Antoniówka,Kleszczów bełchatowski,łódzkie
26-332 Antoniówka,Sławno opoczyński,łódzkie
26-630 Antoniówka,Jedlnia-Letnisko radomski,mazowieckie
26-720 Antoniówka,Policzna zwoleński,mazowieckie
37-470 Antoniówka,Zaklików stalowowolski,podkarpackie
08-480 Antoniówka Świerżowska,Maciejowice garwoliński,mazowieckie
08-480 Antoniówka Wilczkowska,Maciejowice garwoliński,mazowieckie
21-020 Antoniów-Kolonia,Milejów łęczyński,lubelskie
07-306 Antonowo,Brok ostrowski,mazowieckie
17-106 Antonowo,Orla bielski,podlaskie
11-500 Antonowo,Giżycko giżycki,warmińsko-mazurskie
42-141 Antonów,Przystajń kłobucki,śląskie
24-350 Antonówka,Chodel opolski,lubelskie
21-222 Antopol,Podedwórze parczewski,lubelskie
97-512 Antopol,Kodrąb radomszczański,łódzkie
97-512 Antopol (Bugaj Zakrzewski),Kodrąb radomszczański,łódzkie
96-514 Antosin,Rybno sochaczewski,mazowieckie
16-405 Antosin,Wiżajny suwalski,podlaskie
88-230 Anusin,Piotrków Kujawski radziejowski,kujawsko-pomorskie
22-130 Anusin,Siedliszcze chełmski,lubelskie
99-335 Anusin,Witonia łęczycki,łódzkie
99-232 Anusin,Zadzim poddębicki,łódzkie
27-310 Anusin,Ciepielów lipski,mazowieckie
17-330 Anusin,Nurzec-Stacja siemiatycki,podlaskie
17-300 Anusin (Czworaki),Siemiatycze siemiatycki,podlaskie
17-300 Anusin (Pachciarnia),Siemiatycze siemiatycki,podlaskie
17-300 Anusin,Siemiatycze siemiatycki,podlaskie
12-200 Anuszewo,Pisz piski,warmińsko-mazurskie
83-136 Aplinki,Gniew tczewski,pomorskie
97-400 Apolinów,Bełchatów bełchatowski,łódzkie
98-105 Apolonia,Wodzierady łaski,łódzkie
97-320 Apolonka,Wolbórz piotrkowski,łódzkie
42-253 Apolonka,Janów częstochowski,śląskie
11-410 Aptynty,Barciany kętrzyński,warmińsko-mazurskie
17-312 Arbasy,Drohiczyn siemiatycki,podlaskie
17-312 Arbasy (Arbasy Małe),Drohiczyn siemiatycki,podlaskie
09-100 Arcelin,Płońsk płoński,mazowieckie
09-454 Archutowo,Bodzanów płocki,mazowieckie
09-470 Archutówko,Bodzanów płocki,mazowieckie
96-520 Arciechów,Iłów sochaczewski,mazowieckie
05-255 Arciechów,Radzymin wołomiński,mazowieckie
05-255 Arciechów (Myszyniec),Radzymin wołomiński,mazowieckie
05-255 Arciechów (Dąbrowa),Radzymin wołomiński,mazowieckie
96-520 Arciechówek,Iłów sochaczewski,mazowieckie
87-851 Arciszewo,Boniewo włocławski,kujawsko-pomorskie
83-010 Arciszewo,Pruszcz Gdański gdański,pomorskie
62-220 Arcugowo,Niechanowo gnieźnieński,wielkopolskie
11-200 Ardapy,Bartoszyce bartoszycki,warmińsko-mazurskie
89-350 Arentowo,Miasteczko Krajeńskie pilski,wielkopolskie
87-731 Ariany,Waganiec aleksandrowski,kujawsko-pomorskie
99-416 Arkadia,Nieborów łowicki,łódzkie
11-410 Arklity,Barciany kętrzyński,warmińsko-mazurskie
62-635 Arkuszewo,Przedecz kolski,wielkopolskie
38-712 Arłamów,Ustrzyki Dolne bieszczadzki,podkarpackie
88-150 Arturowo,Kruszwica inowrocławski,kujawsko-pomorskie
05-300 Arynów,Mińsk Mazowiecki miński,mazowieckie
89-632 Asmus,Brusy chojnicki,pomorskie
95-001 Astachowice,Zgierz zgierski,łódzkie
11-410 Asuny,Barciany kętrzyński,warmińsko-mazurskie
26-700 Atalin,Zwoleń zwoleński,mazowieckie
64-820 Atanazyn,Szamocin chodzieski,wielkopolskie
16-304 Ateny,Nowinka augustowski,podlaskie
19-520 Audyniszki,Banie Mazurskie gołdapski,warmińsko-mazurskie
11-220 Augamy,Górowo Iławeckie bartoszycki,warmińsko-mazurskie
99-352 Augustopol,Dąbrowice kutnowski,łódzkie
87-313 Augustowo,Brzozie brodnicki,kujawsko-pomorskie
86-022 Augustowo,Dobrcz bydgoski,kujawsko-pomorskie
88-190 Augustowo,Barcin żniński,kujawsko-pomorskie
06-445 Augustowo,Strzegowo mławski,mazowieckie
06-445 Augustowo (Budy Strzegowskie),Strzegowo mławski,mazowieckie
07-210 Augustowo,Długosiodło wyszkowski,mazowieckie
17-100 Augustowo,Bielsk Podlaski bielski,podlaskie
17-100 Augustowo (Na Brańskiej),Bielsk Podlaski bielski,podlaskie
12-120 Augustowo,Dźwierzuty szczycieński,warmińsko-mazurskie
64-050 Augustowo,Wielichowo grodziski,wielkopolskie
64-130 Augustowo,Rydzyna leszczyński,wielkopolskie
64-423 Augustowo,Kwilcz międzychodzki,wielkopolskie
77-430 Augustowo,Krajenka złotowski,wielkopolskie
26-340 Augustów,Drzewica opoczyński,łódzkie
98-332 Augustów,Rząśnia pajęczański,łódzkie
26-902 Augustów,Grabów nad Pilicą kozienicki,mazowieckie
06-408 Augustów,Krasne przasnyski,mazowieckie
26-624 Augustów,Kowala radomski,mazowieckie
26-670 Augustów,Pionki radomski,mazowieckie
16-300 Augustów,Augustów augustowski,podlaskie
05-152 Augustówek,Czosnów nowodworski,mazowieckie
21-220 Augustówka,Siemień parczewski,lubelskie
08-445 Augustówka,Osieck otwocki,mazowieckie
17-330 Augustynka,Nurzec-Stacja siemiatycki,podlaskie
87-865 Augustynowo,Izbica Kujawska włocławski,kujawsko-pomorskie
97-400 Augustynów,Bełchatów bełchatowski,łódzkie
98-290 Augustynów,Warta sieradzki,łódzkie
98-360 Augustynów,Lututów wieruszowski,łódzkie
62-660 Augustynów (Bór),Dąbie kolski,wielkopolskie
62-660 Augustynów,Dąbie kolski,wielkopolskie
62-410 Augustynów,Zagórów słupecki,wielkopolskie
11-130 Augustyny,Orneta lidzbarski,warmińsko-mazurskie
89-300 Auguścin,Wyrzysk pilski,wielkopolskie
16-140 Aulakowszczyzna,Korycin sokólski,podlaskie
22-510 Aurelin,Uchanie hrubieszowski,lubelskie
14-400 Awajki,Pasłęk elbląski,warmińsko-mazurskie
88-300 Baba,Mogilno mogileński,kujawsko-pomorskie
87-510 Baba,Skrwilno rypiński,kujawsko-pomorskie
07-436 Baba,Łyse ostrołęcki,mazowieckie
13-334 Babalice,Biskupiec nowomiejski,warmińsko-mazurskie
16-500 Babańce,Sejny sejneński,podlaskie
97-524 Babczów,Kobiele Wielkie radomszczański,łódzkie
21-102 Babczyzna,Ostrówek lubartowski,lubelskie
83-330 Babi Dół,Żukowo kartuski,pomorskie
64-965 Babi Dwór,Okonek złotowski,wielkopolskie
62-586 Babia,Rzgów koniński,wielkopolskie
87-400 Babiak,Golub-Dobrzyń golubsko-dobrzyński,kujawsko-pomorskie
11-100 Babiak,Lidzbark Warmiński lidzbarski,warmińsko-mazurskie
62-620 Babiak,Babiak kolski,wielkopolskie
21-200 Babianka,Parczew parczewski,lubelskie
34-103 Babica,Wadowice wadowicki,małopolskie
38-120 Babica,Czudec strzyżowski,podkarpackie
23-413 Babice,Obsza biłgorajski,lubelskie
95-083 Babice,Lutomiersk pabianicki,łódzkie
32-551 Babice,Babice chrzanowski,małopolskie
32-600 Babice,Oświęcim oświęcimski,małopolskie
08-455 Babice (Babice-Kolonia),Trojanów garwoliński,mazowieckie
08-455 Babice,Trojanów garwoliński,mazowieckie
48-120 Babice,Baborów głubczycki,opolskie
37-754 Babice,Krzywcza przemyski,podkarpackie
37-754 Babice (Przedmieście Babickie),Krzywcza przemyski,podkarpackie
37-754 Babice (Półanki),Krzywcza przemyski,podkarpackie
47-440 Babice,Nędza raciborski,śląskie
05-082 Babice Nowe,Stare Babice warszawski zachodni,mazowieckie
39-307 Babicha,Tuszów Narodowy mielecki,podkarpackie
95-030 Babichy,Rzgów łódzki wschodni,łódzkie
95-083 Babiczki,Lutomiersk pabianicki,łódzkie
83-050 Babidół (Nowiny),Kolbudy gdański,pomorskie
83-050 Babidół,Kolbudy gdański,pomorskie
09-200 Babiec Piaseczny,Rościszewo sierpecki,mazowieckie
09-204 Babiec Rżały,Rościszewo sierpecki,mazowieckie
09-200 Babiec-Więczanki,Rościszewo sierpecki,mazowieckie
42-287 Babienica Główna,Woźniki lubliniecki,śląskie
42-287 Babienica Kościelna,Woźniki lubliniecki,śląskie
42-283 Babienica (Mzyki) Krótka,Woźniki lubliniecki,śląskie
42-283 Babienica (Mzyki) Leśna,Woźniki lubliniecki,śląskie
42-287 Babienica Lubszecka,Woźniki lubliniecki,śląskie
42-287 Babienica 1 Maja,Woźniki lubliniecki,śląskie
42-287 Babienica Poznańska,Woźniki lubliniecki,śląskie
42-283 Babienica (Mzyki) Słoneczna,Woźniki lubliniecki,śląskie
42-287 Babienica Stawowa,Woźniki lubliniecki,śląskie
42-287 Babienica Wolności,Woźniki lubliniecki,śląskie
42-287 Babienica Zielona,Woźniki lubliniecki,śląskie
11-430 Babieniec,Korsze kętrzyński,warmińsko-mazurskie
11-710 Babięta,Piecki mrągowski,warmińsko-mazurskie
14-240 Babięty Wielkie (Babięty Małe),Susz iławski,warmińsko-mazurskie
14-240 Babięty Wielkie,Susz iławski,warmińsko-mazurskie
72-122 Babigoszcz,Przybiernów goleniowski,zachodniopomorskie
16-113 Babiki,Szudziałowo sokólski,podlaskie
27-300 Babilon,Lipsko lipski,mazowieckie
89-608 Babilon,Chojnice chojnicki,pomorskie
66-110 Babimost,Babimost zielonogórski,lubuskie
59-223 Babin,Krotoszyce legnicki,dolnośląskie
24-200 Babin,Bełżyce lubelski,lubelskie
24-200 Babin (Bzieniec),Bełżyce lubelski,lubelskie
26-704 Babin,Przyłęk zwoleński,mazowieckie
62-420 Babin,Strzałkowo słupecki,wielkopolskie
63-011 Babin,Środa Wielkopolska średzki,wielkopolskie
74-510 Babin,Trzcińsko-Zdrój gryfiński,zachodniopomorskie
74-202 Babin,Bielice pyrzycki,zachodniopomorskie
74-111 Babinek,Banie gryfiński,zachodniopomorskie
74-202 Babinek,Bielice pyrzycki,zachodniopomorskie
99-232 Babiniec,Zadzim poddębicki,łódzkie
98-240 Babiniec,Szadek zduńskowolski,łódzkie
16-080 Babino,Choroszcz białostocki,podlaskie
62-420 Babin-Olędry,Strzałkowo słupecki,wielkopolskie
19-506 Babki,Gołdap gołdapski,warmińsko-mazurskie
61-160 Babki,Mosina poznański,wielkopolskie
19-400 Babki Gąseckie,Olecko olecki,warmińsko-mazurskie
19-400 Babki Oleckie,Olecko olecki,warmińsko-mazurskie
63-830 Babkowice,Pępowo gostyński,wielkopolskie
64-514 Baborowo,Szamotuły szamotulski,wielkopolskie
48-120 Baborów,Baborów głubczycki,opolskie
64-500 Baborówko,Szamotuły szamotulski,wielkopolskie
09-130 Baboszewo,Baboszewo płoński,mazowieckie
12-200 Babrosty,Pisz piski,warmińsko-mazurskie
22-234 Babsk,Urszulin włodawski,lubelskie
96-200 Babsk,Biała Rawska rawski,łódzkie
96-317 Babskie Budy,Wiskitki żyrardowski,mazowieckie
39-340 Babule,Padew Narodowa mielecki,podkarpackie
99-352 Baby,Dąbrowice kutnowski,łódzkie
99-352 Baby (Nowe Baby),Dąbrowice kutnowski,łódzkie
97-310 Baby,Moszczenica piotrkowski,łódzkie
06-400 Baby,Ciechanów ciechanowski,mazowieckie
83-240 Baby,Lubichowo starogardzki,pomorskie
42-282 Baby,Kruszyna częstochowski,śląskie
63-430 Baby,Odolanów ostrowski,wielkopolskie
09-500 Baby Dolne,Gostynin gostyniński,mazowieckie
09-500 Baby Górne,Gostynin gostyniński,mazowieckie
16-404 Bachanowo,Jeleniewo suwalski,podlaskie
38-604 Bachlawa,Lesko leski,podkarpackie
16-150 Bachmackie Kolonie,Suchowola sokólski,podlaskie
16-100 Bachmatówka,Sokółka sokólski,podlaskie
88-150 Bachorce,Kruszwica inowrocławski,kujawsko-pomorskie
87-706 Bachorza,Zakrzewo aleksandrowski,kujawsko-pomorskie
08-206 Bachorza,Huszlew łosicki,mazowieckie
08-300 Bachorza,Sokołów Podlaski sokołowski,mazowieckie
08-300 Bachorza (Bachorza-Kolonia),Sokołów Podlaski sokołowski,mazowieckie
11-520 Bachorza,Ryn giżycki,warmińsko-mazurskie
89-606 Bachorze,Chojnice chojnicki,pomorskie
63-200 Bachorzew,Jarocin jarociński,wielkopolskie
87-610 Bachorzewo,Dobrzyń nad Wisłą lipnowski,kujawsko-pomorskie
98-113 Bachorzyn,Buczek łaski,łódzkie
87-312 Bachotek,Zbiczno brodnicki,kujawsko-pomorskie
34-116 Bachowice,Spytkowice wadowicki,małopolskie
36-068 Bachórz,Dynów rzeszowski,podkarpackie
37-752 Bachórzec,Dubiecko przemyski,podkarpackie
37-754 Bachów,Krzywcza przemyski,podkarpackie
16-050 Bachury,Michałowo białostocki,podlaskie
22-107 Bachus,Sawin chełmski,lubelskie
17-300 Baciki Bliższe,Siemiatycze siemiatycki,podlaskie
17-300 Baciki Bliższe (Altain),Siemiatycze siemiatycki,podlaskie
17-300 Baciki Bliższe (Czysta Dolina),Siemiatycze siemiatycki,podlaskie
17-300 Baciki Dalsze,Siemiatycze siemiatycki,podlaskie
17-300 Baciki Średnie,Siemiatycze siemiatycki,podlaskie
18-106 Baciuty,Turośń Kościelna białostocki,podlaskie
18-106 Baciuty-Kolonia,Turośń Kościelna białostocki,podlaskie
06-406 Bacze,Opinogóra Górna ciechanowski,mazowieckie
18-300 Bacze Mokre,Zambrów zambrowski,podlaskie
18-400 Bacze Suche,Łomża łomżyński,podlaskie
18-400 Bacze-Lipnik,Łomża łomżyński,podlaskie
08-307 Baczki,Repki sokołowski,mazowieckie
07-130 Baczki,Łochów węgrowski,mazowieckie
21-426 Baczków,Wola Mysłowska łukowski,lubelskie
32-708 Baczków,Bochnia bocheński,małopolskie
34-211 Baczyn,Budzów suski,małopolskie
73-200 Baczyn,Choszczno choszczeński,zachodniopomorskie
66-432 Baczyna,Lubiszyn gorzowski,lubuskie
26-200 Baczyna,Końskie konecki,świętokrzyskie
66-432 Baczyna-Kolonia,Lubiszyn gorzowski,lubuskie
72-410 Baczysław,Golczewo kamieński,zachodniopomorskie
27-552 Baćkowice (Kolonie),Baćkowice opatowski,świętokrzyskie
27-552 Baćkowice (Kantórka),Baćkowice opatowski,świętokrzyskie
27-552 Baćkowice,Baćkowice opatowski,świętokrzyskie
27-552 Baćkowice (Poddane),Baćkowice opatowski,świętokrzyskie
96-320 Badowo-Dańki,Mszczonów żyrardowski,mazowieckie
96-320 Badowo-Mściska,Mszczonów żyrardowski,mazowieckie
96-320 Badów Górny,Mszczonów żyrardowski,mazowieckie
28-136 Badrzychowice,Nowy Korczyn buski,świętokrzyskie
26-425 Badulki,Odrzywół przysuski,mazowieckie
63-410 Bagatela,Ostrów Wielkopolski ostrowski,wielkopolskie
07-311 Bagatele,Wąsewo ostrowski,mazowieckie
98-420 Bagatelka,Sokolniki wieruszowski,łódzkie
89-300 Bagdad,Wyrzysk pilski,wielkopolskie
78-111 Bagicz,Ustronie Morskie kołobrzeski,zachodniopomorskie
89-520 Bagienica,Gostycyn tucholski,kujawsko-pomorskie
06-330 Bagienice,Chorzele przasnyski,mazowieckie
06-330 Bagienice (Przątalina),Chorzele przasnyski,mazowieckie
19-222 Bagienice,Wąsosz grajewski,podlaskie
18-423 Bagienice,Przytuły łomżyński,podlaskie
11-700 Bagienice,Mrągowo mrągowski,warmińsko-mazurskie
09-310 Bagienice Duże,Kuczbork-Osada żuromiński,mazowieckie
09-310 Bagienice Małe,Kuczbork-Osada żuromiński,mazowieckie
11-700 Bagienice Małe (Joachimowo),Mrągowo mrągowski,warmińsko-mazurskie
11-700 Bagienice Małe,Mrągowo mrągowski,warmińsko-mazurskie
09-310 Bagienice Nowe,Kuczbork-Osada żuromiński,mazowieckie
06-212 Bagienice Szlacheckie,Krasnosielc makowski,mazowieckie
06-212 Bagienice Szlacheckie (Bagienice-Pagórki),Krasnosielc makowski,mazowieckie
06-212 Bagienice-Folwark,Krasnosielc makowski,mazowieckie
58-100 Bagieniec,Jaworzyna Śląska świdnicki,dolnośląskie
16-080 Bagienki,Tykocin białostocki,podlaskie
07-221 Bagienko,Brańszczyk wyszkowski,mazowieckie
14-140 Bagieńsko,Miłomłyn ostródzki,warmińsko-mazurskie
18-507 Bagińskie,Grabowo kolneński,podlaskie
89-650 Bagna,Czersk chojnicki,pomorskie
83-424 Bagna,Lipusz kościerski,pomorskie
42-141 Bagna,Przystajń kłobucki,śląskie
72-212 Bagna,Maszewo goleniowski,zachodniopomorskie
77-304 Bagnica,Rzeczenica człuchowski,pomorskie
76-012 Bagnica,Polanów koszaliński,zachodniopomorskie
86-120 Bagniewko,Pruszcz świecki,kujawsko-pomorskie
78-426 Bagniewko,Biały Bór szczecinecki,zachodniopomorskie
86-120 Bagniewo (Za Koleją),Pruszcz świecki,kujawsko-pomorskie
86-120 Bagniewo,Pruszcz świecki,kujawsko-pomorskie
66-535 Bagniewo,Drezdenko strzelecko-drezdenecki,lubuskie
16-050 Bagniuki,Michałowo białostocki,podlaskie
55-120 Bagno,Oborniki Śląskie trzebnicki,dolnośląskie
87-840 Bagno,Lubień Kujawski włocławski,kujawsko-pomorskie
22-470 Bagno,Zwierzyniec zamojski,lubelskie
67-410 Bagno,Sława wschowski,lubuskie
97-340 Bagno,Rozprza piotrkowski,łódzkie
05-110 Bagno,Jabłonna legionowski,mazowieckie
19-124 Bagno,Jaświły moniecki,podlaskie
13-332 Bagno,Nowe Miasto Lubawskie nowomiejski,warmińsko-mazurskie
76-024 Bagno,Świeszyno koszaliński,zachodniopomorskie
16-200 Bagny,Dąbrowa Białostocka sokólski,podlaskie
63-012 Bagrowo,Dominowo średzki,wielkopolskie
38-471 Bajdy,Wojaszówka krośnieński,podkarpackie
14-230 Bajdy,Zalewo iławski,warmińsko-mazurskie
11-200 Bajdyty,Bartoszyce bartoszycki,warmińsko-mazurskie
86-253 Bajerze,Kijewo Królewskie chełmiński,kujawsko-pomorskie
19-111 Bajki-Zalesie,Krypno moniecki,podlaskie
97-500 Bajkowizna,Radomsko radomszczański,łódzkie
11-420 Bajorski Gaj,Srokowo kętrzyński,warmińsko-mazurskie
11-420 Bajory Małe,Srokowo kętrzyński,warmińsko-mazurskie
11-420 Bajory Wielkie,Srokowo kętrzyński,warmińsko-mazurskie
19-321 Bajtkowo,Ełk ełcki,warmińsko-mazurskie
16-423 Bakałarzewo,Bakałarzewo suwalski,podlaskie
16-420 Bakaniuk,Raczki suwalski,podlaskie
06-320 Bakuła,Baranowo ostrołęcki,mazowieckie
22-150 Bakus-Wanda,Wierzbica chełmski,lubelskie
27-500 Balbinów,Opatów opatowski,świętokrzyskie
47-134 Balcarzowice,Ujazd strzelecki,opolskie
96-100 Balcerów,Skierniewice skierniewicki,łódzkie
88-110 Balczewo,Inowrocław inowrocławski,kujawsko-pomorskie
82-500 Baldram,Kwidzyn kwidzyński,pomorskie
57-211 Baldwinowice,Ciepłowody ząbkowicki,dolnośląskie
46-142 Baldwinowice,Namysłów namysłowski,opolskie
08-124 Bale,Mokobody siedlecki,mazowieckie
82-433 Balewko,Mikołajki Pomorskie sztumski,pomorskie
82-433 Balewo,Mikołajki Pomorskie sztumski,pomorskie
82-325 Balewo,Markusy elbląski,warmińsko-mazurskie
88-160 Balice,Janikowo inowrocławski,kujawsko-pomorskie
32-083 Balice,Zabierzów krakowski,małopolskie
28-114 Balice,Gnojno buski,świętokrzyskie
28-114 Balice (Przyborów),Gnojno buski,świętokrzyskie
38-606 Baligród,Baligród leski,podkarpackie
18-414 Baliki,Nowogród łomżyński,podlaskie
99-320 Balików,Żychlin kutnowski,łódzkie
88-110 Balin,Inowrocław inowrocławski,kujawsko-pomorskie
87-500 Balin,Rypin rypiński,kujawsko-pomorskie
99-200 Balin,Poddębice poddębicki,łódzkie
32-500 Balin,Chrzanów chrzanowski,małopolskie
16-310 Balinka,Sztabin augustowski,podlaskie
99-120 Balków,Piątek łęczycki,łódzkie
38-543 Balnica,Komańcza sanocki,podkarpackie
83-424 Bałachy,Lipusz kościerski,pomorskie
37-600 Bałaje,Lubaczów lubaczowski,podkarpackie
37-600 Bałaje (Mokrzyca),Lubaczów lubaczowski,podkarpackie
76-211 Bałamątek,Ustka słupski,pomorskie
19-330 Bałamutowo,Stare Juchy ełcki,warmińsko-mazurskie
34-600 Bałażówka,Limanowa limanowski,małopolskie
11-042 Bałąg,Jonkowo olsztyński,warmińsko-mazurskie
14-100 Bałcyny,Ostróda ostródzki,warmińsko-mazurskie
62-872 Bałdoń,Godziesze Wielkie kaliski,wielkopolskie
63-507 Bałdowice,Kobyla Góra ostrzeszowski,wielkopolskie
87-603 Bałdowo,Wielgie lipnowski,kujawsko-pomorskie
83-110 Bałdowo,Tczew tczewski,pomorskie
99-200 Bałdrzychów,Poddębice poddębicki,łódzkie
10-687 Bałdy,Purda olsztyński,warmińsko-mazurskie
10-687 Bałdzki Piec,Purda olsztyński,warmińsko-mazurskie
08-307 Bałki,Repki sokołowski,mazowieckie
29-135 Bałków,Radków włoszczowski,świętokrzyskie
14-240 Bałoszyce,Susz iławski,warmińsko-mazurskie
14-240 Bałoszyce Małe,Susz iławski,warmińsko-mazurskie
11-400 Bałowo,Kętrzyn kętrzyński,warmińsko-mazurskie
24-103 Bałtów,Żyrzyn puławski,lubelskie
27-423 Bałtów,Bałtów ostrowiecki,świętokrzyskie
11-400 Bałtrucie,Kętrzyn kętrzyński,warmińsko-mazurskie
38-481 Bałucianka,Rymanów krośnieński,podkarpackie
98-100 Bałucz,Łask łaski,łódzkie
19-500 Bałupiany,Gołdap gołdapski,warmińsko-mazurskie
37-413 Banachy,Harasiuki niżański,podkarpackie
11-400 Banaszki,Kętrzyn kętrzyński,warmińsko-mazurskie
11-400 Banaszki (Gromki),Kętrzyn kętrzyński,warmińsko-mazurskie
38-700 Bandrów Narodowy,Ustrzyki Dolne bieszczadzki,podkarpackie
07-431 Bandysie,Czarnia ostrołęcki,mazowieckie
26-234 Bania,Słupia Konecka konecki,świętokrzyskie
38-315 Banica,Uście Gorlickie gorlicki,małopolskie
74-110 Banie,Banie gryfiński,zachodniopomorskie
19-520 Banie Mazurskie (Owczary),Banie Mazurskie gołdapski,warmińsko-mazurskie
19-520 Banie Mazurskie,Banie Mazurskie gołdapski,warmińsko-mazurskie
74-110 Baniewice,Banie gryfiński,zachodniopomorskie
80-297 Banino,Żukowo kartuski,pomorskie
05-532 Baniocha (Wilczynek),Góra Kalwaria piaseczyński,mazowieckie
05-532 Baniocha,Góra Kalwaria piaseczyński,mazowieckie
17-100 Bańki,Bielsk Podlaski bielski,podlaskie
22-360 Bańkowszczyzna,Rejowiec chełmski,lubelskie
34-424 Bańska Niżna,Szaflary nowotarski,małopolskie
34-424 Bańska Wyżna,Szaflary nowotarski,małopolskie
21-002 Barak,Jastków lubelski,lubelskie
26-500 Barak,Szydłowiec szydłowiecki,mazowieckie
22-304 Baraki,Siennica Różana krasnostawski,lubelskie
23-235 Baraki,Annopol kraśnicki,lubelskie
23-155 Baraki,Zakrzew lubelski,lubelskie
09-110 Baraki,Sochocin płoński,mazowieckie
06-452 Baraki Chotumskie,Ciechanów ciechanowski,mazowieckie
06-452 Baraki Chotumskie (Rajmundowo),Ciechanów ciechanowski,mazowieckie
21-136 Baran,Firlej lubartowski,lubelskie
26-080 Baran,Mniów kielecki,świętokrzyskie
22-315 Baranica,Gorzków krasnostawski,lubelskie
87-400 Baraniec,Golub-Dobrzyń golubsko-dobrzyński,kujawsko-pomorskie
06-456 Baraniec,Ojrzeń ciechanowski,mazowieckie
06-425 Baraniec,Karniewo makowski,mazowieckie
62-312 Baraniec,Pyzdry wrzesiński,wielkopolskie
16-061 Baranki,Juchnowiec Kościelny białostocki,podlaskie
77-430 Barankowo,Krajenka złotowski,wielkopolskie
56-210 Baranowice,Wąsosz górowski,dolnośląskie
56-300 Baranowice,Milicz milicki,dolnośląskie
55-080 Baranowice,Kąty Wrocławskie wrocławski,dolnośląskie
55-080 Baranowice (Bliż),Kąty Wrocławskie wrocławski,dolnośląskie
66-431 Baranowice,Santok gorzowski,lubuskie
62-660 Baranowiec,Dąbie kolski,wielkopolskie
88-150 Baranowo,Kruszwica inowrocławski,kujawsko-pomorskie
06-320 Baranowo (Zamoście),Baranowo ostrołęcki,mazowieckie
06-320 Baranowo,Baranowo ostrołęcki,mazowieckie
16-406 Baranowo,Rutka-Tartak suwalski,podlaskie
77-124 Baranowo,Parchowo bytowski,pomorskie
11-730 Baranowo,Mikołajki mrągowski,warmińsko-mazurskie
12-160 Baranowo,Wielbark szczycieński,warmińsko-mazurskie
62-260 Baranowo,Łubowo gnieźnieński,wielkopolskie
62-050 Baranowo,Mosina poznański,wielkopolskie
62-081 Baranowo,Tarnowo Podgórne poznański,wielkopolskie
24-105 Baranów,Baranów puławski,lubelskie
96-314 Baranów,Baranów grodziski,mazowieckie
27-312 Baranów,Chotcza lipski,mazowieckie
28-100 Baranów,Busko-Zdrój buski,świętokrzyskie
28-530 Baranów,Skalbmierz kazimierski,świętokrzyskie
63-604 Baranów,Baranów kępiński,wielkopolskie
39-450 Baranów Sandomierski,Baranów Sandomierski tarnobrzeski,podkarpackie
27-552 Baranówek,Baćkowice opatowski,świętokrzyskie
63-300 Baranówek,Pleszew pleszewski,wielkopolskie
21-100 Baranówka,Lubartów lubartowski,lubelskie
32-010 Baranówka,Kocmyrzów-Luborzyca krakowski,małopolskie
14-530 Baranówka,Frombork braniewski,warmińsko-mazurskie
62-050 Baranówko,Mosina poznański,wielkopolskie
87-600 Barany,Lipno lipnowski,kujawsko-pomorskie
98-330 Barany,Pajęczno pajęczański,łódzkie
19-300 Barany,Ełk ełcki,warmińsko-mazurskie
19-411 Barany,Świętajno olecki,warmińsko-mazurskie
32-046 Barbarka,Skała krakowski,małopolskie
62-590 Barbarka,Golina koniński,wielkopolskie
22-175 Barbarówka,Dorohusk chełmski,lubelskie
62-511 Barce,Kramsk koniński,wielkopolskie
62-511 Barce (Marysin),Kramsk koniński,wielkopolskie
22-437 Barchaczów,Łabunie zamojski,lubelskie
64-234 Barchlin,Przemęt wolsztyński,wielkopolskie
83-211 Barchnowy,Starogard Gdański starogardzki,pomorskie
07-130 Barchów,Łochów węgrowski,mazowieckie
11-410 Barciany,Barciany kętrzyński,warmińsko-mazurskie
33-342 Barcice,Stary Sącz nowosądecki,małopolskie
07-203 Barcice (Kępa Barcicka),Somianka wyszkowski,mazowieckie
07-203 Barcice,Somianka wyszkowski,mazowieckie
82-420 Barcice,Ryjewo kwidzyński,pomorskie
33-342 Barcice Dolne,Stary Sącz nowosądecki,małopolskie
05-651 Barcice Drwalewskie,Chynów grójecki,mazowieckie
05-650 Barcice Rososkie,Chynów grójecki,mazowieckie
19-504 Barcie,Dubeninki gołdapski,warmińsko-mazurskie
74-520 Barcie,Cedynia gryfiński,zachodniopomorskie
87-732 Barcikowo,Lubanie włocławski,kujawsko-pomorskie
09-472 Barcikowo,Słupno płocki,mazowieckie
11-040 Barcikowo,Dobre Miasto olsztyński,warmińsko-mazurskie
88-190 Barcin,Barcin żniński,kujawsko-pomorskie
58-512 Barcinek,Stara Kamienica jeleniogórski,dolnośląskie
77-230 Barcino,Kępice słupski,pomorskie
88-190 Barcin-Wieś,Barcin żniński,kujawsko-pomorskie
11-200 Barciszewo,Bartoszyce bartoszycki,warmińsko-mazurskie
26-001 Barcza,Masłów kielecki,świętokrzyskie
05-300 Barcząca,Mińsk Mazowiecki miński,mazowieckie
98-275 Barczew,Brzeźnio sieradzki,łódzkie
11-010 Barczewko,Barczewo olsztyński,warmińsko-mazurskie
11-010 Barczewo,Barczewo olsztyński,warmińsko-mazurskie
11-010 Barczewski Dwór,Barczewo olsztyński,warmińsko-mazurskie
97-360 Barczkowice,Kamieńsk radomszczański,łódzkie
32-813 Barczków,Szczurowa brzeski,małopolskie
62-571 Barczygłów,Stare Miasto koniński,wielkopolskie
62-330 Barczyzna,Nekla wrzesiński,wielkopolskie
57-256 Bardo,Bardo ząbkowicki,dolnośląskie
26-035 Bardo,Raków kielecki,świętokrzyskie
62-300 Bardo,Września wrzesiński,wielkopolskie
14-133 Barduń,Gietrzwałd olsztyński,warmińsko-mazurskie
78-113 Bardy,Dygowo kołobrzeski,zachodniopomorskie
14-405 Bardyny,Wilczęta braniewski,warmińsko-mazurskie
26-624 Bardzice,Kowala radomski,mazowieckie
99-340 Bardzinek,Krośniewice kutnowski,łódzkie
76-023 Bardzlino,Świeszyno koszaliński,zachodniopomorskie
99-205 Bardzynin,Dalików poddębicki,łódzkie
84-352 Bargędzino,Wicko lęborski,pomorskie
16-320 Bargłów Dworny,Bargłów Kościelny augustowski,podlaskie
16-320 Bargłów Kościelny,Bargłów Kościelny augustowski,podlaskie
16-320 Bargłów Kościelny (Kolonie Południowe),Bargłów Kościelny augustowski,podlaskie
16-320 Bargłówka,Bargłów Kościelny augustowski,podlaskie
44-153 Bargłówka,Sośnicowice gliwicki,śląskie
42-262 Bargły,Poczesna częstochowski,śląskie
66-235 Bargów,Torzym sulęciński,lubuskie
11-010 Bark,Barczewo olsztyński,warmińsko-mazurskie
21-070 Barki,Cyców łęczyński,lubelskie
77-140 Barkocin,Kołczygłowy bytowski,pomorskie
97-330 Barkowice,Sulejów piotrkowski,łódzkie
97-330 Barkowice Mokre,Sulejów piotrkowski,łódzkie
55-140 Barkowo,Żmigród trzebnicki,dolnośląskie
55-140 Barkowo (Barkówko),Żmigród trzebnicki,dolnośląskie
55-140 Barkowo (Szydłów),Żmigród trzebnicki,dolnośląskie
55-140 Barkowo (Wierzbina),Żmigród trzebnicki,dolnośląskie
77-300 Barkowo (Rogowo),Człuchów człuchowski,pomorskie
77-300 Barkowo,Człuchów człuchowski,pomorskie
19-500 Barkowo,Gołdap gołdapski,warmińsko-mazurskie
72-310 Barkowo,Gryfice gryficki,zachodniopomorskie
11-001 Barkweda,Dywity olsztyński,warmińsko-mazurskie
82-400 Barlewice,Sztum sztumski,pomorskie
82-400 Barlewiczki,Sztum sztumski,pomorskie
74-320 Barlinek,Barlinek myśliborski,zachodniopomorskie
89-504 Barłogi,Tuchola tucholski,kujawsko-pomorskie
24-170 Barłogi,Kurów puławski,lubelskie
66-627 Barłogi,Bobrowice krośnieński,lubuskie
62-640 Barłogi,Grzegorzew kolski,wielkopolskie
62-586 Barłogi,Rzgów koniński,wielkopolskie
84-242 Barłomino,Luzino wejherowski,pomorskie
64-200 Barłożnia Gościeszyńska,Wolsztyn wolsztyński,wielkopolskie
64-200 Barłożnia Wolsztyńska,Wolsztyn wolsztyński,wielkopolskie
83-225 Barłożno,Skórcz starogardzki,pomorskie
80-299 Barniewice Dębowa,Żukowo kartuski,pomorskie
80-297 Barniewice Jaskółcza,Żukowo kartuski,pomorskie
80-297 Barniewice Lipowa,Żukowo kartuski,pomorskie
80-299 Barniewice Orzechowa,Żukowo kartuski,pomorskie
80-297 Barniewice Topolowa,Żukowo kartuski,pomorskie
80-297 Barniewice,Żukowo kartuski,pomorskie
74-201 Barnim,Warnice pyrzycki,zachodniopomorskie
73-220 Barnimie,Drawno choszczeński,zachodniopomorskie
72-001 Barnisław,Kołbaskowo policki,zachodniopomorskie
72-410 Barnisławice,Golczewo kamieński,zachodniopomorskie
74-500 Barnkowo,Chojna gryfiński,zachodniopomorskie
33-336 Barnowiec,Łabowa nowosądecki,małopolskie
77-140 Barnowiec,Kołczygłowy bytowski,pomorskie
77-140 Barnowo,Kołczygłowy bytowski,pomorskie
74-311 Barnówko,Dębno myśliborski,zachodniopomorskie
16-320 Barszcze,Bargłów Kościelny augustowski,podlaskie
16-070 Barszczewo,Choroszcz białostocki,podlaskie
16-050 Barszczewo,Michałowo białostocki,podlaskie
16-304 Barszczowa Góra,Nowinka augustowski,podlaskie
18-106 Barszczówka,Turośń Kościelna białostocki,podlaskie
10-687 Bartąg,Stawiguda olsztyński,warmińsko-mazurskie
10-687 Bartążek,Stawiguda olsztyński,warmińsko-mazurskie
83-260 Bartel Wielki,Kaliska starogardzki,pomorskie
14-300 Bartężek,Morąg ostródzki,warmińsko-mazurskie
18-420 Bartki,Jedwabne łomżyński,podlaskie
14-521 Bartki,Lelkowo braniewski,warmińsko-mazurskie
13-124 Bartki,Kozłowo nidzicki,warmińsko-mazurskie
14-120 Bartki,Dąbrówno ostródzki,warmińsko-mazurskie
83-424 Bartkowa Stajnia,Lipusz kościerski,pomorskie
33-318 Bartkowa-Posadowa,Gródek nad Dunajcem nowosądecki,małopolskie
42-270 Bartkowice,Kłomnice częstochowski,śląskie
18-413 Bartkowizna,Miastkowo łomżyński,podlaskie
74-100 Bartkowo,Gryfino gryfiński,zachodniopomorskie
19-404 Bartkowski Dwór,Wieliczki olecki,warmińsko-mazurskie
56-210 Bartków,Wąsosz górowski,dolnośląskie
56-410 Bartków,Dobroszyce oleśnicki,dolnośląskie
26-050 Bartków,Zagnańsk kielecki,świętokrzyskie
86-230 Bartlewo,Lisewo chełmiński,kujawsko-pomorskie
76-012 Bartlewo,Polanów koszaliński,zachodniopomorskie
88-220 Bartłomiejowice,Osięciny radziejowski,kujawsko-pomorskie
24-160 Bartłomiejowice,Wąwolnica puławski,lubelskie
38-307 Bartne,Sękowa gorlicki,małopolskie
82-450 Bartne Łąki,Stary Dzierzgoń sztumski,pomorskie
16-424 Bartnia Góra,Filipów suwalski,podlaskie
57-451 Bartnica,Nowa Ruda kłodzki,dolnośląskie
87-321 Bartniczka,Bartniczka brodnicki,kujawsko-pomorskie
56-300 Bartniki,Milicz milicki,dolnośląskie
87-301 Bartniki,Brodnica brodnicki,kujawsko-pomorskie
06-300 Bartniki,Przasnysz przasnyski,mazowieckie
96-332 Bartniki,Puszcza Mariańska żyrardowski,mazowieckie
16-316 Bartniki,Lipsk augustowski,podlaskie
11-106 Bartniki,Kiwity lidzbarski,warmińsko-mazurskie
98-290 Bartochów,Warta sieradzki,łódzkie
98-290 Bartochów (Brzezinka),Warta sieradzki,łódzkie
98-290 Bartochów (Wilk Bartochowski),Warta sieradzki,łódzkie
56-215 Bartodzieje,Niechlów górowski,dolnośląskie
97-515 Bartodzieje,Masłowice radomszczański,łódzkie
05-622 Bartodzieje,Belsk Duży grójecki,mazowieckie
07-215 Bartodzieje,Obryte pułtuski,mazowieckie
26-631 Bartodzieje,Jastrzębia radomski,mazowieckie
26-706 Bartodzieje,Tczów zwoleński,mazowieckie
62-100 Bartodzieje,Wągrowiec wągrowiecki,wielkopolskie
07-215 Bartodzieje-Gajówka,Obryte pułtuski,mazowieckie
95-010 Bartolin,Stryków zgierski,łódzkie
76-142 Bartolino,Malechowo sławieński,zachodniopomorskie
06-408 Bartołdy,Krasne przasnyski,mazowieckie
06-408 Bartołdy (Dębowa Karczma),Krasne przasnyski,mazowieckie
11-010 Bartołty Małe,Barczewo olsztyński,warmińsko-mazurskie
11-010 Bartołty Wielkie,Barczewo olsztyński,warmińsko-mazurskie
07-311 Bartosy,Wąsewo ostrowski,mazowieckie
08-300 Bartosz,Sokołów Podlaski sokołowski,mazowieckie
19-300 Bartosze,Ełk ełcki,warmińsko-mazurskie
19-300 Bartosze (Judziki),Ełk ełcki,warmińsko-mazurskie
87-214 Bartoszewice,Płużnica wąbrzeski,kujawsko-pomorskie
63-930 Bartoszewice,Jutrosin rawicki,wielkopolskie
72-004 Bartoszewo,Police policki,zachodniopomorskie
13-100 Bartoszki,Nidzica nidzicki,warmińsko-mazurskie
77-416 Bartoszkowo,Tarnówka złotowski,wielkopolskie
57-160 Bartoszowa,Borów strzeliński,dolnośląskie
26-006 Bartoszowiny,Nowa Słupia kielecki,świętokrzyskie
59-241 Bartoszów,Legnickie Pole legnicki,dolnośląskie
58-120 Bartoszówek,Strzegom świdnicki,dolnośląskie
59-820 Bartoszówka,Leśna lubański,dolnośląskie
97-220 Bartoszówka,Rzeczyca tomaszowski,łódzkie
96-321 Bartoszówka,Żabia Wola grodziski,mazowieckie
11-200 Bartoszyce,Bartoszyce bartoszycki,warmińsko-mazurskie
83-430 Bartoszylas,Stara Kiszewa kościerski,pomorskie
83-430 Bartoszylas (Ruda),Stara Kiszewa kościerski,pomorskie
14-230 Barty,Zalewo iławski,warmińsko-mazurskie
87-821 Baruchowo,Baruchowo włocławski,kujawsko-pomorskie
47-133 Barut,Jemielnica strzelecki,opolskie
34-124 Barwałd Dolny,Wadowice wadowicki,małopolskie
34-130 Barwałd Górny,Kalwaria Zebrzydowska wadowicki,małopolskie
34-124 Barwałd Średni,Kalwaria Zebrzydowska wadowicki,małopolskie
78-460 Barwice,Barwice szczecinecki,zachodniopomorskie
78-460 Barwice (Korzec),Barwice szczecinecki,zachodniopomorskie
83-305 Barwik,Przodkowo kartuski,pomorskie
83-305 Barwik (Wilanowo),Przodkowo kartuski,pomorskie
19-213 Barwiki,Radziłów grajewski,podlaskie
38-454 Barwinek,Dukla krośnieński,podkarpackie
77-230 Barwino,Kępice słupski,pomorskie
77-230 Barwino (Gościeradz),Kępice słupski,pomorskie
77-230 Barwino (Mielęcino),Kępice słupski,pomorskie
11-036 Barwiny,Gietrzwałd olsztyński,warmińsko-mazurskie
59-407 Barycz,Mściwojów jaworski,dolnośląskie
95-082 Barycz,Dobroń pabianicki,łódzkie
97-532 Barycz,Żytno radomszczański,łódzkie
36-230 Barycz,Domaradz brzozowski,podkarpackie
37-723 Barycz,Stubno przemyski,podkarpackie
26-070 Barycz,Łopuszno kielecki,świętokrzyskie
26-200 Barycz,Końskie konecki,świętokrzyskie
26-700 Barycz Nowa,Zwoleń zwoleński,mazowieckie
26-700 Barycz Stara,Zwoleń zwoleński,mazowieckie
26-704 Baryczka,Przyłęk zwoleński,mazowieckie
38-115 Baryczka,Niebylec strzyżowski,podkarpackie
26-700 Barycz-Kolonia,Zwoleń zwoleński,mazowieckie
73-134 Barzkowice,Stargard stargardzki,zachodniopomorskie
73-134 Barzkowice (Golinka),Stargard stargardzki,zachodniopomorskie
73-134 Barzkowice (Luboń),Stargard stargardzki,zachodniopomorskie
76-150 Barzowice,Darłowo sławieński,zachodniopomorskie
18-520 Barzykowo,Stawiski kolneński,podlaskie
46-166 Barzyna,Namysłów namysłowski,opolskie
14-411 Barzyna,Rychliki elbląski,warmińsko-mazurskie
96-314 Basin,Baranów grodziski,mazowieckie
26-910 Basinów,Magnuszew kozienicki,mazowieckie
07-230 Basinów,Zabrodzie wyszkowski,mazowieckie
24-340 Basonia,Józefów nad Wisłą opolski,lubelskie
72-300 Baszewice,Gryfice gryficki,zachodniopomorskie
21-003 Baszki,Niemce lubelski,lubelskie
63-760 Baszków,Zduny krotoszyński,wielkopolskie
05-503 Baszkówka,Piaseczno piaseczyński,mazowieckie
37-621 Basznia Dolna,Lubaczów lubaczowski,podkarpackie
37-621 Basznia Górna,Lubaczów lubaczowski,podkarpackie
26-006 Baszowice,Nowa Słupia kielecki,świętokrzyskie
56-160 Baszyn,Wińsko wołowski,dolnośląskie
63-716 Baszyny,Krotoszyn krotoszyński,wielkopolskie
63-716 Baszyny (Ugrzele),Krotoszyn krotoszyński,wielkopolskie
63-716 Baszyny (Witki),Krotoszyn krotoszyński,wielkopolskie
88-110 Batkowo,Inowrocław inowrocławski,kujawsko-pomorskie
06-216 Batogowo,Sypniewo makowski,mazowieckie
62-081 Batorowo,Tarnowo Podgórne poznański,wielkopolskie
77-420 Batorowo,Lipka złotowski,wielkopolskie
77-420 Batorówko,Lipka złotowski,wielkopolskie
23-320 Batorz (Batorz Drugi),Batorz janowski,lubelskie
23-320 Batorz (Batorz-Kolonia),Batorz janowski,lubelskie
23-320 Batorz (Batorz Pierwszy),Batorz janowski,lubelskie
32-086 Batowice,Zielonki krakowski,małopolskie
74-230 Batowo,Lipiany pyrzycki,zachodniopomorskie
37-713 Batycze,Żurawica przemyski,podkarpackie
78-331 Batyń,Rąbino świdwiński,zachodniopomorskie
77-124 Bawernica,Parchowo bytowski,pomorskie
21-065 Bazar (Popów),Rybczewice świdnicki,lubelskie
21-065 Bazar,Rybczewice świdnicki,lubelskie
21-065 Bazar (Chodyłówka),Rybczewice świdnicki,lubelskie
97-340 Bazar,Rozprza piotrkowski,łódzkie
06-200 Bazar,Szelków makowski,mazowieckie
27-670 Bazów,Łoniów sandomierski,świętokrzyskie
43-440 Bażanowice,Goleszów cieszyński,śląskie
38-530 Bażanówka,Zarszyn sanocki,podkarpackie
63-421 Bażantarnia,Przygodzice ostrowski,wielkopolskie
46-243 Bażany,Kluczbork kluczborski,opolskie
11-130 Bażyny,Orneta lidzbarski,warmińsko-mazurskie
64-607 Bąblin,Oborniki obornicki,wielkopolskie
64-607 Bąblinek,Oborniki obornicki,wielkopolskie
64-607 Bąbliniec,Oborniki obornicki,wielkopolskie
88-140 Bąbolin,Gniewkowo inowrocławski,kujawsko-pomorskie
88-300 Bąbowo,Mogilno mogileński,kujawsko-pomorskie
83-334 Bącka Huta,Sierakowice kartuski,pomorskie
83-329 Bącz,Kartuzy kartuski,pomorskie
83-329 Bącz (Olszowe Błoto),Kartuzy kartuski,pomorskie
33-335 Bącza-Kunina,Nawojowa nowosądecki,małopolskie
38-242 Bączal Dolny,Skołyszyn jasielski,podkarpackie
38-242 Bączal Górny,Skołyszyn jasielski,podkarpackie
39-232 Bączałka,Brzostek dębicki,podkarpackie
83-250 Bączek,Skarszewy starogardzki,pomorskie
08-480 Bączki,Maciejowice garwoliński,mazowieckie
72-131 Bącznik,Goleniów goleniowski,zachodniopomorskie
63-805 Bączylas,Poniec gostyński,wielkopolskie
89-320 Bądecz,Wysoka pilski,wielkopolskie
82-520 Bądki,Gardeja kwidzyński,pomorskie
82-520 Bądki (Czachówek),Gardeja kwidzyński,pomorskie
14-230 Bądki,Zalewo iławski,warmińsko-mazurskie
78-460 Bądki,Barwice szczecinecki,zachodniopomorskie
87-704 Bądkowo,Bądkowo aleksandrowski,kujawsko-pomorskie
06-430 Bądkowo,Sońsk ciechanowski,mazowieckie
72-310 Bądkowo,Płoty gryficki,zachodniopomorskie
09-414 Bądkowo Jeziorne,Brudzeń Duży płocki,mazowieckie
09-414 Bądkowo Kościelne,Brudzeń Duży płocki,mazowieckie
09-414 Bądkowo-Podlasie,Brudzeń Duży płocki,mazowieckie
09-414 Bądkowo-Rochny,Brudzeń Duży płocki,mazowieckie
09-414 Bądkowo-Rumunki,Brudzeń Duży płocki,mazowieckie
95-001 Bądków,Zgierz zgierski,łódzkie
05-610 Bądków,Goszczyn grójecki,mazowieckie
62-731 Bądków Drugi,Przykona turecki,wielkopolskie
62-731 Bądków Pierwszy,Przykona turecki,wielkopolskie
87-704 Bądkówek,Bądkowo aleksandrowski,kujawsko-pomorskie
11-220 Bądle,Górowo Iławeckie bartoszycki,warmińsko-mazurskie
14-400 Bądy,Pasłęk elbląski,warmińsko-mazurskie
82-450 Bądze,Stary Dzierzgoń sztumski,pomorskie
11-220 Bądze,Górowo Iławeckie bartoszycki,warmińsko-mazurskie
67-222 Bądzów,Jerzmanowa głogowski,dolnośląskie
67-222 Bądzów (Golowice),Jerzmanowa głogowski,dolnośląskie
09-304 Bądzyn,Lubowidz żuromiński,mazowieckie
95-080 Bądzyń,Tuszyn łódzki wschodni,łódzkie
86-253 Bągart,Kijewo Królewskie chełmiński,kujawsko-pomorskie
87-214 Bągart,Płużnica wąbrzeski,kujawsko-pomorskie
82-440 Bągart,Dzierzgoń sztumski,pomorskie
89-240 Bąk,Kcynia nakielski,kujawsko-pomorskie
83-440 Bąk,Karsin kościerski,pomorskie
83-432 Bąk,Stara Kiszewa kościerski,pomorskie
55-040 Bąki,Kobierzyce wrocławski,dolnośląskie
99-232 Bąki,Zadzim poddębicki,łódzkie
06-513 Bąki,Wieczfnia Kościelna mławski,mazowieckie
27-310 Bąkowa,Ciepielów lipski,mazowieckie
97-510 Bąkowa Góra,Ręczno piotrkowski,łódzkie
46-112 Bąkowice,Świerczów namysłowski,opolskie
97-306 Bąkowiec,Grabica piotrkowski,łódzkie
26-930 Bąkowiec,Garbatka-Letnisko kozienicki,mazowieckie
88-133 Bąkowo,Dąbrowa Biskupia inowrocławski,kujawsko-pomorskie
86-160 Bąkowo,Warlubie świecki,kujawsko-pomorskie
77-235 Bąkowo,Trzebielino bytowski,pomorskie
83-050 Bąkowo,Kolbudy gdański,pomorskie
89-333 Bąkowo,Wyrzysk pilski,wielkopolskie
86-160 Bąkowski Młyn,Warlubie świecki,kujawsko-pomorskie
56-513 Bąków,Międzybórz oleśnicki,dolnośląskie
55-095 Bąków,Długołęka wrocławski,dolnośląskie
26-411 Bąków,Rusinów przysuski,mazowieckie
26-505 Bąków,Orońsko szydłowiecki,mazowieckie
49-200 Bąków,Grodków brzeski,opolskie
46-233 Bąków,Kluczbork kluczborski,opolskie
43-246 Bąków,Strumień cieszyński,śląskie
99-440 Bąków Dolny,Zduny łowicki,łódzkie
99-440 Bąków Górny,Zduny łowicki,łódzkie
05-503 Bąkówka,Piaseczno piaseczyński,mazowieckie
26-411 Bąków-Kolonia,Rusinów przysuski,mazowieckie
84-351 Bąsewice,Nowa Wieś Lęborska lęborski,pomorskie
11-200 Bąsze,Bartoszyce bartoszycki,warmińsko-mazurskie
29-100 Bebelno-Kolonia,Włoszczowa włoszczowski,świętokrzyskie
29-100 Bebelno-Wieś,Włoszczowa włoszczowski,świętokrzyskie
16-411 Becejły,Szypliszki suwalski,podlaskie
95-083 Bechcice-Kolonia,Lutomiersk pabianicki,łódzkie
95-083 Bechcice-Parcela,Lutomiersk pabianicki,łódzkie
95-083 Bechcice-Wieś,Lutomiersk pabianicki,łódzkie
86-140 Bedlenki,Drzycim świecki,kujawsko-pomorskie
26-200 Bedlenko,Końskie konecki,świętokrzyskie
21-300 Bedlno,Radzyń Podlaski radzyński,lubelskie
99-311 Bedlno (Bedlno-Kamieniec),Bedlno kutnowski,łódzkie
26-200 Bedlno,Końskie konecki,świętokrzyskie
78-311 Bedlno,Świdwin świdwiński,zachodniopomorskie
21-300 Bedlno Radzyńskie,Radzyń Podlaski radzyński,lubelskie
99-311 Bedlno-Wieś,Bedlno kutnowski,łódzkie
99-311 Bedlno-Żbiwiec,Bedlno kutnowski,łódzkie
38-305 Bednarka,Lipinki gorlicki,małopolskie
14-100 Bednarki,Ostróda ostródzki,warmińsko-mazurskie
99-416 Bednary,Nieborów łowicki,łódzkie
96-330 Bednary,Puszcza Mariańska żyrardowski,mazowieckie
62-010 Bednary,Pobiedziska poznański,wielkopolskie
99-416 Bednary-Kolonia,Nieborów łowicki,łódzkie
97-420 Bednarze,Szczerców bełchatowski,łódzkie
07-120 Bednarze,Korytnica węgrowski,mazowieckie
21-211 Bednarzówka,Dębowa Kłoda parczewski,lubelskie
14-230 Bednarzówka,Zalewo iławski,warmińsko-mazurskie
95-020 Bedoń Przykościelny,Andrespol łódzki wschodni,łódzkie
95-020 Bedoń-Wieś,Andrespol łódzki wschodni,łódzkie
09-440 Begno,Staroźreby płocki,mazowieckie
06-126 Begno,Gzy pułtuski,mazowieckie
08-207 Bejdy,Olszanka łosicki,mazowieckie
28-512 Bejsce,Bejsce kazimierski,świętokrzyskie
21-070 Bekiesza,Cyców łęczyński,lubelskie
98-161 Beleń,Zapolice zduńskowolski,łódzkie
98-161 Beleń-Kolonia,Zapolice zduńskowolski,łódzkie
64-231 Belęcin,Siedlec wolsztyński,wielkopolskie
83-425 Belfort,Dziemiany kościerski,pomorskie
09-120 Belin,Nowe Miasto płoński,mazowieckie
86-131 Belno,Jeżewo świecki,kujawsko-pomorskie
09-500 Belno,Gostynin gostyniński,mazowieckie
26-004 Belno,Bieliny kielecki,świętokrzyskie
26-050 Belno,Zagnańsk kielecki,świętokrzyskie
62-610 Belny,Sompolno koniński,wielkopolskie
62-610 Belny (Ośno Podleśne),Sompolno koniński,wielkopolskie
05-622 Belsk Duży,Belsk Duży grójecki,mazowieckie
05-622 Belsk Mały,Belsk Duży grójecki,mazowieckie
23-275 Belweder,Gościeradów kraśnicki,lubelskie
97-400 Bełchatów,Bełchatów bełchatowski,łódzkie
97-400 Bełchatów (Bugaj),Bełchatów bełchatowski,łódzkie
99-418 Bełchów,Nieborów łowicki,łódzkie
56-210 Bełcz Górny,Wąsosz górowski,dolnośląskie
56-210 Bełcz Mały,Wąsosz górowski,dolnośląskie
56-215 Bełcz Wielki,Niechlów górowski,dolnośląskie
21-306 Bełcząc,Czemierniki radzyński,lubelskie
12-230 Bełcząc,Biała Piska piski,warmińsko-mazurskie
66-130 Bełcze,Bojadła zielonogórski,lubuskie
66-130 Bełcze (Sosnówka),Bojadła zielonogórski,lubuskie
73-153 Bełczna,Łobez łobeski,zachodniopomorskie
59-610 Bełczyna,Wleń lwówecki,dolnośląskie
19-206 Bełda,Rajgród grajewski,podlaskie
32-731 Bełdno,Żegocina bocheński,małopolskie
95-070 Bełdów,Aleksandrów Łódzki zgierski,łódzkie
95-070 Bełdów-Krzywa Wieś,Aleksandrów Łódzki zgierski,łódzkie
95-070 Bełdów-Krzywa Wieś (Jastrzębiec),Aleksandrów Łódzki zgierski,łódzkie
26-420 Bełek,Nowe Miasto nad Pilicą grójecki,mazowieckie
44-237 Bełk,Czerwionka-Leszczyny rybnicki,śląskie
28-313 Bełk,Imielno jędrzejowski,świętokrzyskie
13-230 Bełk,Lidzbark działdowski,warmińsko-mazurskie
88-220 Bełszewo,Osięciny radziejowski,kujawsko-pomorskie
88-220 Bełszewo-Kolonia,Osięciny radziejowski,kujawsko-pomorskie
44-362 Bełsznica,Gorzyce wodzisławski,śląskie
78-312 Bełtno,Świdwin świdwiński,zachodniopomorskie
37-700 Bełwin,Przemyśl przemyski,podkarpackie
37-700 Bełwin (Chałupki Bełwińskie),Przemyśl przemyski,podkarpackie
28-530 Bełzów,Skalbmierz kazimierski,świętokrzyskie
22-670 Bełżec,Bełżec tomaszowski,lubelskie
24-200 Bełżyce,Bełżyce lubelski,lubelskie
14-500 Bemowizna,Braniewo braniewski,warmińsko-mazurskie
12-230 Bemowo Piskie,Biała Piska piski,warmińsko-mazurskie
09-214 Bendorzyn,Mochowo sierpecki,mazowieckie
96-300 Benenard,Radziejowice żyrardowski,mazowieckie
62-310 Benewicze,Pyzdry wrzesiński,wielkopolskie
98-220 Beniaminów,Zduńska Wola zduńskowolski,łódzkie
05-126 Beniaminów,Nieporęt legionowski,mazowieckie
63-700 Benice,Krotoszyn krotoszyński,wielkopolskie
72-400 Benice,Kamień Pomorski kamieński,zachodniopomorskie
62-400 Benignowo,Słupca słupecki,wielkopolskie
38-713 Beniowa,Lutowiska bieszczadzki,podkarpackie
82-420 Benowo,Ryjewo kwidzyński,pomorskie
27-640 Beradz,Klimontów sandomierski,świętokrzyskie
64-113 Berdychowo,Osieczna leszczyński,wielkopolskie
63-740 Berdychów,Kobylin krotoszyński,wielkopolskie
22-175 Berdyszcze,Dorohusk chełmski,lubelskie
21-104 Berejów,Niedźwiada lubartowski,lubelskie
98-358 Beresie Duże,Kiełczygłów pajęczański,łódzkie
98-358 Beresie Małe,Kiełczygłów pajęczański,łódzkie
33-380 Berest,Krynica-Zdrój nowosądecki,małopolskie
22-435 Berestki,Komarów-Osada zamojski,lubelskie
22-425 Bereść,Grabowiec zamojski,lubelskie
21-560 Bereza,Międzyrzec Podlaski bialski,lubelskie
38-610 Berezka,Solina leski,podkarpackie
21-512 Berezówka,Zalesie bialski,lubelskie
17-240 Berezyszcze,Czeremcha hajnowski,podlaskie
17-240 Berezyszcze (Osyp),Czeremcha hajnowski,podlaskie
38-713 Bereżki,Lutowiska bieszczadzki,podkarpackie
22-523 Bereżnica,Horodło hrubieszowski,lubelskie
38-610 Bereżnica Wyżna,Solina leski,podkarpackie
78-312 Berkanowo,Świdwin świdwiński,zachodniopomorskie
11-510 Berkowo,Wydminy giżycki,warmińsko-mazurskie
62-265 Berkowo,Kiszkowo gnieźnieński,wielkopolskie
88-324 Berlinek,Jeziora Wielkie mogileński,kujawsko-pomorskie
48-100 Bernacice,Głubczyce głubczycki,opolskie
48-100 Bernacice Górne,Głubczyce głubczycki,opolskie
17-220 Bernacki Most,Narewka hajnowski,podlaskie
87-640 Bernardowo,Czernikowo toruński,kujawsko-pomorskie
26-225 Bernów,Gowarczów konecki,świętokrzyskie
87-731 Bertowo,Waganiec aleksandrowski,kujawsko-pomorskie
64-200 Berzyna,Wolsztyn wolsztyński,wielkopolskie
16-500 Berżałowce,Sejny sejneński,podlaskie
16-500 Berżniki,Sejny sejneński,podlaskie
99-150 Besiekiery,Grabów łęczycki,łódzkie
95-001 Besiekierz Nawojowy,Zgierz zgierski,łódzkie
95-001 Besiekierz Rudny,Zgierz zgierski,łódzkie
38-524 Besko,Besko sanocki,podkarpackie
32-711 Bessów,Bochnia bocheński,małopolskie
63-760 Bestwin,Zduny krotoszyński,wielkopolskie
43-512 Bestwina,Bestwina bielski,śląskie
43-512 Bestwinka,Bestwina bielski,śląskie
05-332 Bestwiny,Siennica miński,mazowieckie
28-232 Beszowa,Łubnice staszowski,świętokrzyskie
27-660 Beszyce,Koprzywnica sandomierski,świętokrzyskie
87-840 Beszyn,Lubień Kujawski włocławski,kujawsko-pomorskie
87-840 Beszyn (Siemionki),Lubień Kujawski włocławski,kujawsko-pomorskie
09-152 Beszyno,Naruszewo płoński,mazowieckie
64-020 Betkowo,Czempiń kościański,wielkopolskie
22-130 Bezek,Siedliszcze chełmski,lubelskie
22-130 Bezek Dębiński,Siedliszcze chełmski,lubelskie
22-130 Bezek-Kolonia,Siedliszcze chełmski,lubelskie
11-200 Bezledy,Bartoszyce bartoszycki,warmińsko-mazurskie
11-440 Bezławecki Dwór,Reszel kętrzyński,warmińsko-mazurskie
11-440 Bezławki,Reszel kętrzyński,warmińsko-mazurskie
11-440 Bezławki (Bertyny),Reszel kętrzyński,warmińsko-mazurskie
11-440 Bezławki (Stąpławki),Reszel kętrzyński,warmińsko-mazurskie
11-440 Bezławki (Staniewo),Reszel kętrzyński,warmińsko-mazurskie
11-440 Bezławki (Mała Bertynówka),Reszel kętrzyński,warmińsko-mazurskie
38-600 Bezmiechowa Dolna,Lesko leski,podkarpackie
38-600 Bezmiechowa Górna,Lesko leski,podkarpackie
72-315 Bezmoście,Resko łobeski,zachodniopomorskie
62-834 Beznatka,Ceków-Kolonia kaliski,wielkopolskie
62-834 Beznatka (Korek),Ceków-Kolonia kaliski,wielkopolskie
62-710 Beznazwa,Władysławów turecki,wielkopolskie
78-122 Bezpraw,Kołobrzeg kołobrzeski,zachodniopomorskie
71-220 Bezrzecze Aloesowa,Dobra (Szczecińska) policki,zachodniopomorskie
71-234 Bezrzecze Ametystowa,Dobra (Szczecińska) policki,zachodniopomorskie
72-003 Bezrzecze Anyżkowa,Dobra (Szczecińska) policki,zachodniopomorskie
72-003 Bezrzecze Azaliowa,Dobra (Szczecińska) policki,zachodniopomorskie
71-220 Bezrzecze Bazyliowa,Dobra (Szczecińska) policki,zachodniopomorskie
71-216 Bezrzecze Berberysowa,Dobra (Szczecińska) policki,zachodniopomorskie
71-216 Bezrzecze Bluszczowa,Dobra (Szczecińska) policki,zachodniopomorskie
71-235 Bezrzecze Brylantowa,Dobra (Szczecińska) policki,zachodniopomorskie
71-216 Bezrzecze Bukszpanowa,Dobra (Szczecińska) policki,zachodniopomorskie
71-220 Bezrzecze Cynamonowa,1-DK Dobra (Szczecińska) policki,zachodniopomorskie
72-003 Bezrzecze Cynamonowa,1-DK Dobra (Szczecińska) policki,zachodniopomorskie
71-232 Bezrzecze Diamentowa,Dobra (Szczecińska) policki,zachodniopomorskie
72-003 Bezrzecze Dolina Słońca,Dobra (Szczecińska) policki,zachodniopomorskie
71-221 Bezrzecze Drozdowa,Dobra (Szczecińska) policki,zachodniopomorskie
71-216 Bezrzecze Dworska,Dobra (Szczecińska) policki,zachodniopomorskie
71-220 Bezrzecze Goździkowa,Dobra (Szczecińska) policki,zachodniopomorskie
71-218 Bezrzecze Górna,Dobra (Szczecińska) policki,zachodniopomorskie
72-003 Bezrzecze Herbaciana,Dobra (Szczecińska) policki,zachodniopomorskie
71-216 Bezrzecze Holenderska,Dobra (Szczecińska) policki,zachodniopomorskie
71-237 Bezrzecze Jaspisowa,Dobra (Szczecińska) policki,zachodniopomorskie
71-220 Bezrzecze Jesionowa,Dobra (Szczecińska) policki,zachodniopomorskie
71-218 Bezrzecze Karmelowa,Dobra (Szczecińska) policki,zachodniopomorskie
72-003 Bezrzecze Kminkowa,Dobra (Szczecińska) policki,zachodniopomorskie
71-220 Bezrzecze Koralowa,Dobra (Szczecińska) policki,zachodniopomorskie
72-003 Bezrzecze Korzenna,Dobra (Szczecińska) policki,zachodniopomorskie
71-218 Bezrzecze Kościelna,Dobra (Szczecińska) policki,zachodniopomorskie
72-003 Bezrzecze Maciejki,Dobra (Szczecińska) policki,zachodniopomorskie
71-216 Bezrzecze Mahoniowa,Dobra (Szczecińska) policki,zachodniopomorskie
72-003 Bezrzecze Miętowa,Dobra (Szczecińska) policki,zachodniopomorskie
72-003 Bezrzecze Miodowa,Dobra (Szczecińska) policki,zachodniopomorskie
71-216 Bezrzecze Na Wzgórzu,Dobra (Szczecińska) policki,zachodniopomorskie
72-003 Bezrzecze Nad Ruczajem,Dobra (Szczecińska) policki,zachodniopomorskie
71-216 Bezrzecze Nastrojowa,Dobra (Szczecińska) policki,zachodniopomorskie
71-219 Bezrzecze Nowoleśna,Dobra (Szczecińska) policki,zachodniopomorskie
71-219 Bezrzecze Nowowiejska,Dobra (Szczecińska) policki,zachodniopomorskie
71-238 Bezrzecze Osiedle Leśne,Dobra (Szczecińska) policki,zachodniopomorskie
71-216 Bezrzecze Pańska,Dobra (Szczecińska) policki,zachodniopomorskie
71-220 Bezrzecze Parkowa,Dobra (Szczecińska) policki,zachodniopomorskie
71-216 Bezrzecze Perłowa,Dobra (Szczecińska) policki,zachodniopomorskie
71-220 Bezrzecze Platynowa,Dobra (Szczecińska) policki,zachodniopomorskie
71-216 Bezrzecze Podleśna,Dobra (Szczecińska) policki,zachodniopomorskie
71-218 Bezrzecze Promienna,Dobra (Szczecińska) policki,zachodniopomorskie
71-216 Bezrzecze Rajska,Dobra (Szczecińska) policki,zachodniopomorskie
71-217 Bezrzecze Sosnowa,Dobra (Szczecińska) policki,zachodniopomorskie
71-216 Bezrzecze Spokojna,Dobra (Szczecińska) policki,zachodniopomorskie
71-220 Bezrzecze Starowiejska,Dobra (Szczecińska) policki,zachodniopomorskie
71-236 Bezrzecze Szafirowa,Dobra (Szczecińska) policki,zachodniopomorskie
71-216 Bezrzecze Szkolna,Dobra (Szczecińska) policki,zachodniopomorskie
72-003 Bezrzecze Tymiankowa,Dobra (Szczecińska) policki,zachodniopomorskie
71-216 Bezrzecze Urocza,Dobra (Szczecińska) policki,zachodniopomorskie
71-216 Bezrzecze Wilanowska,Dobra (Szczecińska) policki,zachodniopomorskie
71-216 Bezrzecze Willowa,Dobra (Szczecińska) policki,zachodniopomorskie
71-221 Bezrzecze Wronia,Dobra (Szczecińska) policki,zachodniopomorskie
71-230 Bezrzecze Zaściankowa,Dobra (Szczecińska) policki,zachodniopomorskie
71-218 Bezrzecze Ziołowa,Dobra (Szczecińska) policki,zachodniopomorskie
21-310 Bezwola,Wohyń radzyński,lubelskie
21-310 Bezwola (Górne),Wohyń radzyński,lubelskie
21-310 Bezwola (Iski),Wohyń radzyński,lubelskie
21-310 Bezwola (Rokosz),Wohyń radzyński,lubelskie
26-400 Beźnik,Przysucha przysuski,mazowieckie
32-089 Bębło,Wielka Wieś krakowski,małopolskie
64-603 Bębnikąt,Oborniki obornicki,wielkopolskie
78-124 Bębnikąt,Rymań kołobrzeski,zachodniopomorskie
06-540 Bębnowo,Radzanów mławski,mazowieckie
98-313 Bębnów,Konopnica wieluński,łódzkie
26-225 Bębnów,Gowarczów konecki,świętokrzyskie
06-540 Bębnówko,Radzanów mławski,mazowieckie
32-444 Bęczarka,Myślenice myślenicki,małopolskie
97-352 Bęczkowice,Łęki Szlacheckie piotrkowski,łódzkie
26-008 Bęczków (Stara Wieś),Górno kielecki,świętokrzyskie
26-008 Bęczków (Komorniki Pierwsze),Górno kielecki,świętokrzyskie
26-008 Bęczków (Komorniki Drugie),Górno kielecki,świętokrzyskie
26-008 Bęczków (Górka),Górno kielecki,świętokrzyskie
26-008 Bęczków (Niwy),Górno kielecki,świętokrzyskie
26-008 Bęczków,Górno kielecki,świętokrzyskie
72-212 Bęczno,Maszewo goleniowski,zachodniopomorskie
23-250 Bęczyn,Urzędów kraśnicki,lubelskie
34-113 Bęczyn,Brzeźnica wadowicki,małopolskie
19-230 Bęćkowo,Szczuczyn grajewski,podlaskie
73-261 Będargowiec,Pełczyce choszczeński,zachodniopomorskie
84-217 Będargowo,Szemud wejherowski,pomorskie
73-261 Będargowo,Pełczyce choszczeński,zachodniopomorskie
72-005 Będargowo,Kołbaskowo policki,zachodniopomorskie
74-202 Będgoszcz,Bielice pyrzycki,zachodniopomorskie
55-050 Będkowice,Sobótka wrocławski,dolnośląskie
32-089 Będkowice,Wielka Wieś krakowski,małopolskie
55-100 Będkowo,Trzebnica trzebnicki,dolnośląskie
97-410 Będków,Kleszczów bełchatowski,łódzkie
98-332 Będków,Rząśnia pajęczański,łódzkie
98-260 Będków,Burzenin sieradzki,łódzkie
97-319 Będków,Będków tomaszowski,łódzkie
97-319 Będków-Kolonia,Będków tomaszowski,łódzkie
62-061 Będlewo,Stęszew poznański,wielkopolskie
78-530 Będlino,Wierzchowo drawski,zachodniopomorskie
83-422 Będomin,Nowa Karczma kościerski,pomorskie
83-422 Będominek,Kościerzyna kościerski,pomorskie
66-112 Będów,Czerwieńsk zielonogórski,lubuskie
95-040 Będzelin,Koluszki łódzki wschodni,łódzkie
87-603 Będzeń,Wielgie lipnowski,kujawsko-pomorskie
28-506 Będziaki,Czarnocin kazimierski,świętokrzyskie
76-220 Będziechowo,Główczyce słupski,pomorskie
62-704 Będziechów,Kawęczyn turecki,wielkopolskie
39-127 Będziemyśl,Sędziszów Małopolski ropczycko-,podkarpackie
,sędziszowski,
39-124 Będzienica,Iwierzyce ropczycko-,podkarpackie
,sędziszowski,
72-405 Będzieszewo,Świerzno kamieński,zachodniopomorskie
83-000 Będzieszyn,Pruszcz Gdański gdański,pomorskie
63-450 Będzieszyn,Ostrów Wielkopolski ostrowski,wielkopolskie
32-860 Będzieszyna,Czchów brzeski,małopolskie
76-220 Będzimierz,Główczyce słupski,pomorskie
42-500 Będzin,I Armii Wojska Polskiego Będzin będziński,śląskie
42-500 Będzin,9 Maja Będzin będziński,śląskie
42-500 Będzin (Ksawera),15 Grudnia Będzin będziński,śląskie
42-500 Będzin (Małobądz),27 Stycznia Będzin będziński,śląskie
42-500 Będzin (Warpie),XXXV-Lecia PRL Będzin będziński,śląskie
42-500 Będzin,Akacjowa Będzin będziński,śląskie
42-500 Będzin,al. aleja Hugona Kołłątaja Będzin będziński,śląskie
42-500 Będzin,Armii Krajowej Będzin będziński,śląskie
42-500 Będzin,Armii Ludowej Będzin będziński,śląskie
42-506 Będzin (Grodziec),Adama Asnyka Będzin będziński,śląskie
42-500 Będzin,Astrów Będzin będziński,śląskie
42-500 Będzin (Małobądz),Krzysztofa Kamila Baczyńskiego Będzin będziński,śląskie
42-506 Będzin (Grodziec),Norberta Barlickiego Będzin będziński,śląskie
42-500 Będzin,Basztowa Będzin będziński,śląskie
42-500 Będzin,Józefa Bema Będzin będziński,śląskie
42-500 Będzin,dr. Adama Bilika Będzin będziński,śląskie
42-500 Będzin,Bławatków Będzin będziński,śląskie
42-506 Będzin (Grodziec),Boleradz Będzin będziński,śląskie
42-500 Będzin,Bolesława Chrobrego Będzin będziński,śląskie
42-504 Będzin (Łagisza),Bory Będzin będziński,śląskie
42-500 Będzin,Tadeusza Boya-Żeleńskiego Będzin będziński,śląskie
42-500 Będzin,Władysława Broniewskiego Będzin będziński,śląskie
42-500 Będzin,Browarna Będzin będziński,śląskie
42-500 Będzin (Małobądz),Brzozowa Będzin będziński,śląskie
42-500 Będzin (Brzozowica),Brzozowicka Będzin będziński,śląskie
42-500 Będzin,Bursztynowa Będzin będziński,śląskie
42-500 Będzin,Wirginiusza Chmielewskiego Będzin będziński,śląskie
42-506 Będzin (Grodziec),Fryderyka Chopina Będzin będziński,śląskie
42-500 Będzin (Warpie),Cicha Będzin będziński,śląskie
42-500 Będzin,Józefa Cieszkowskiego Będzin będziński,śląskie
42-500 Będzin,Cisowa Będzin będziński,śląskie
42-500 Będzin (Ksawera),Cynkowa Będzin będziński,śląskie
42-500 Będzin,Czeladzka Będzin będziński,śląskie
42-500 Będzin,Ignacego Daszyńskiego Będzin będziński,śląskie
42-504 Będzin (Łagisza),Dąbrowska Będzin będziński,śląskie
42-500 Będzin,Dąbrowszczaków Będzin będziński,śląskie
42-500 Będzin (Małobądz),Dębowa Będzin będziński,śląskie
42-500 Będzin (Małobądz),Długa Będzin będziński,śląskie
42-506 Będzin (Grodziec),Doroty Będzin będziński,śląskie
42-504 Będzin (Łagisza),Drzewna Będzin będziński,śląskie
42-500 Będzin,Dworska Będzin będziński,śląskie
42-504 Będzin (Łagisza),Energetyczna Będzin będziński,śląskie
42-500 Będzin (Ksawera),Filtrowa Będzin będziński,śląskie
42-500 Będzin,Pawła Findera Będzin będziński,śląskie
42-500 Będzin,Małgorzaty Fornalskiej Będzin będziński,śląskie
42-500 Będzin,Stanisława Gawlika Będzin będziński,śląskie
42-500 Będzin (Warpie),Gen. Władysława Andersa Będzin będziński,śląskie
42-506 Będzin (Grodziec),Gen. Romualda Traugutta Będzin będziński,śląskie
42-500 Będzin,Góra Zamkowa Będzin będziński,śląskie
42-500 Będzin,Górna Będzin będziński,śląskie
42-506 Będzin (Grodziec),Górnicza Będzin będziński,śląskie
42-500 Będzin,Grabowa Będzin będziński,śląskie
42-506 Będzin (Grodziec),Graniczna Będzin będziński,śląskie
42-500 Będzin,Grobla Będzin będziński,śląskie
42-500 Będzin,Grunwaldzka Będzin będziński,śląskie
42-500 Będzin,Gwardii Ludowej Będzin będziński,śląskie
42-500 Będzin,Gzichowska Będzin będziński,śląskie
42-500 Będzin,Władysława Hibnera Będzin będziński,śląskie
42-506 Będzin (Grodziec),Hutnicza Będzin będziński,śląskie
42-506 Będzin,Plac im. Skarbińskich Będzin będziński,śląskie
42-500 Będzin,Jabłoniowa Będzin będziński,śląskie
42-500 Będzin,Królowej Jadwigi Będzin będziński,śląskie
42-506 Będzin (Grodziec),Jagiellońska Będzin będziński,śląskie
42-500 Będzin,Jana III Sobieskiego Będzin będziński,śląskie
42-500 Będzin (Małobądz),Jarzębinowa Będzin będziński,śląskie
42-500 Będzin,Jasielska Będzin będziński,śląskie
42-500 Będzin,Jasna Będzin będziński,śląskie
42-500 Będzin,Wojciecha Jastrzębowskiego Będzin będziński,śląskie
42-500 Będzin,Jaśminowa Będzin będziński,śląskie
42-500 Będzin (Małobądz),Jaworowa Będzin będziński,śląskie
42-504 Będzin (Łagisza),Jedności Będzin będziński,śląskie
42-500 Będzin (Małobądz),Jesionowa Będzin będziński,śląskie
42-500 Będzin,Berka Joselewicza Będzin będziński,śląskie
42-500 Będzin (Małobądz),Kalinowa Będzin będziński,śląskie
42-500 Będzin,Kamienna Będzin będziński,śląskie
42-500 Będzin,Kamienne Schodki Będzin będziński,śląskie
42-500 Będzin,Mariana Kantora-Mirskiego Będzin będziński,śląskie
42-500 Będzin,Marcina Kasprzaka Będzin będziński,śląskie
42-500 Będzin (Małobądz),Kasztanowa Będzin będziński,śląskie
42-506 Będzin (Grodziec),Stanisława Kempy Będzin będziński,śląskie
42-500 Będzin (Warpie),Kielecka Będzin będziński,śląskie
42-506 Będzin (Grodziec),Kijowska Będzin będziński,śląskie
42-506 Będzin (Grodziec),Wojciecha Kilara Będzin będziński,śląskie
42-500 Będzin (Małobądz),Klonowa Będzin będziński,śląskie
42-500 Będzin,Władysława Kniewskiego Będzin będziński,śląskie
42-500 Będzin,Jana Kochanowskiego Będzin będziński,śląskie
42-500 Będzin (Ksawera),Kolejowa Będzin będziński,śląskie
42-504 Będzin (Łagisza),Kolorowa Będzin będziński,śląskie
42-506 Będzin (Grodziec),Hugona Kołłątaja Będzin będziński,śląskie
42-506 Będzin (Grodziec),Marii Konopnickiej Będzin będziński,śląskie
42-500 Będzin (Warpie),Mikołaja Kopernika Będzin będziński,śląskie
42-504 Będzin (Łagisza),Janusza Korczaka Będzin będziński,śląskie
42-500 Będzin,dr. Tadeusza Kosibowicza Będzin będziński,śląskie
42-500 Będzin (Warpie),Koszelew Będzin będziński,śląskie
42-500 Będzin,Tadeusza Kościuszki Będzin będziński,śląskie
42-500 Będzin,Anastazego Kowalczyka Będzin będziński,śląskie
42-500 Będzin (Warpie),Krakowska Będzin będziński,śląskie
42-500 Będzin,Ignacego Krasickiego Będzin będziński,śląskie
42-506 Będzin (Grodziec),Janka Krasickiego Będzin będziński,śląskie
42-500 Będzin (Ksawera),Kręta Będzin będziński,śląskie
42-500 Będzin,Krośnieńska Będzin będziński,śląskie
42-504 Będzin (Łagisza),Krótka Będzin będziński,śląskie
42-500 Będzin,Leona Kruczkowskiego Będzin będziński,śląskie
42-500 Będzin (Ksawera),Ks. Stanisława Staszica Będzin będziński,śląskie
42-506 Będzin (Grodziec),Kwiatowa Będzin będziński,śląskie
42-500 Będzin,Rutki Laskier Będzin będziński,śląskie
42-506 Będzin (Grodziec),Leśna Będzin będziński,śląskie
42-506 Będzin (Grodziec),Bolesława Limanowskiego Będzin będziński,śląskie
42-500 Będzin (Małobądz),Lipowa Będzin będziński,śląskie
42-500 Będzin,11 Listopada Będzin będziński,śląskie
42-500 Będzin (Małobądz),Ludowa Będzin będziński,śląskie
42-504 Będzin (Łagisza),Łączna Będzin będziński,śląskie
42-500 Będzin (Warpie),Łąkowa Będzin będziński,śląskie
42-500 Będzin,1 Maja Będzin będziński,śląskie
42-500 Będzin,Stanisława Małachowskiego Będzin będziński,śląskie
42-500 Będzin (Małobądz),Małobądzka Będzin będziński,śląskie
42-506 Będzin,Jana Matejki Będzin będziński,śląskie
42-500 Będzin,Tadeusza Mazowieckiego Będzin będziński,śląskie
42-506 Będzin (Grodziec),Adama Mickiewicza Będzin będziński,śląskie
42-500 Będzin,Mieroszewskich Będzin będziński,śląskie
42-500 Będzin,Mieszka I Będzin będziński,śląskie
42-500 Będzin,Jadwigi Migowej Będzin będziński,śląskie
42-506 Będzin,Czesława Miłosza Będzin będziński,śląskie
42-500 Będzin,Modrzejowska Będzin będziński,śląskie
42-506 Będzin (Grodziec),Modrzewiowa Będzin będziński,śląskie
42-500 Będzin,Stanisława Moniuszki Będzin będziński,śląskie
42-506 Będzin (Grodziec),Mostowa Będzin będziński,śląskie
42-500 Będzin (Małobądz),Nadbrzeżna Będzin będziński,śląskie
42-506 Będzin (Grodziec),Nadgórników Będzin będziński,śląskie
42-500 Będzin (Małobądz),Zofii Nałkowskiej Będzin będziński,śląskie
42-500 Będzin,Namiarkowa Będzin będziński,śląskie
42-500 Będzin,Gabriela Narutowicza Będzin będziński,śląskie
42-500 Będzin,Niecała Będzin będziński,śląskie
42-500 Będzin (Małobądz),Juliana Ursyna Niemcewicza Będzin będziński,śląskie
42-504 Będzin (Łagisza),Niepiekło Będzin będziński,śląskie
42-504 Będzin (Łagisza),Niepodległości Będzin będziński,śląskie
42-500 Będzin (Małobądz),Cypriana Kamila Norwida Będzin będziński,śląskie
42-500 Będzin (Brzozowica),Nowa Będzin będziński,śląskie
42-506 Będzin (Grodziec),Marcelego Nowotki Będzin będziński,śląskie
42-504 Będzin (Łagisza),Odkrywkowa Będzin będziński,śląskie
42-504 Będzin (Łagisza),Odrodzenia Będzin będziński,śląskie
42-504 Będzin (Łagisza),Ogrodowa Będzin będziński,śląskie
42-506 Będzin (Grodziec),Stefana Okrzei Będzin będziński,śląskie
42-500 Będzin,Józefa Oleksego Będzin będziński,śląskie
42-500 Będzin (Małobądz),Olszynowa Będzin będziński,śląskie
42-506 Będzin (Grodziec),Władysława Orkana Będzin będziński,śląskie
42-500 Będzin (Warpie),Orla Będzin będziński,śląskie
42-506 Będzin (Grodziec),Elizy Orzeszkowej Będzin będziński,śląskie
42-506 Będzin (Grodziec),Osiedlowa Będzin będziński,śląskie
42-506 Będzin,Osówka Będzin będziński,śląskie
42-500 Będzin,Ignacego Paderewskiego Będzin będziński,śląskie
42-504 Będzin (Łagisza),Parkowa Będzin będziński,śląskie
42-500 Będzin,Partyzantów Będzin będziński,śląskie
42-500 Będzin,Paryska Będzin będziński,śląskie
42-500 Będzin,Paziowa Będzin będziński,śląskie
42-500 Będzin,PCK Będzin będziński,śląskie
42-506 Będzin (Grodziec),Piaskowa Będzin będziński,śląskie
42-500 Będzin,Piastowska Będzin będziński,śląskie
42-500 Będzin,rtm. Witolda Pileckiego Będzin będziński,śląskie
42-500 Będzin,Józefa Piłsudskiego Będzin będziński,śląskie
42-500 Będzin,pl. plac 3 Maja Będzin będziński,śląskie
42-500 Będzin,pl. plac Kazimierza Wielkiego Będzin będziński,śląskie
42-500 Będzin,pl. plac Kolei Warszawsko - Wiedeńskiej Będzin będziński,śląskie
42-500 Będzin,Plebańska Będzin będziński,śląskie
42-506 Będzin (Grodziec),Podgórna Będzin będziński,śląskie
42-500 Będzin,Podgrodzie Będzin będziński,śląskie
42-500 Będzin,Podjazie Będzin będziński,śląskie
42-504 Będzin (Łagisza),Podleśna Będzin będziński,śląskie
42-504 Będzin (Łagisza),Podłosie Będzin będziński,śląskie
42-500 Będzin (Warpie),Podmiejska Będzin będziński,śląskie
42-500 Będzin (Warpie),Józefa Podsiadły Będzin będziński,śląskie
42-500 Będzin (Ksawera),Podskarpie Będzin będziński,śląskie
42-500 Będzin,Podwale Będzin będziński,śląskie
42-500 Będzin,Podzamcze Będzin będziński,śląskie
42-504 Będzin (Łagisza),Pokoju Będzin będziński,śląskie
42-500 Będzin (Warpie),Wincentego Pola Będzin będziński,śląskie
42-500 Będzin (Brzozowica),Polna Będzin będziński,śląskie
42-506 Będzin (Grodziec),Południowa Będzin będziński,śląskie
42-506 Będzin (Grodziec),Poprzeczna Będzin będziński,śląskie
42-500 Będzin,Ignacego Potockiego Będzin będziński,śląskie
42-500 Będzin,Powstańców Śląskich Będzin będziński,śląskie
42-504 Będzin (Łagisza),Produkcyjna Będzin będziński,śląskie
42-500 Będzin,Plac prof. Włodzimierza Wójcika Będzin będziński,śląskie
42-500 Będzin (Warpie),Kazimierza Promyka Będzin będziński,śląskie
42-500 Będzin (Brzozowica),Prosta Będzin będziński,śląskie
42-500 Będzin (Małobądz),Bolesława Prusa Będzin będziński,śląskie
42-506 Będzin (Grodziec),Przechodnia Będzin będziński,śląskie
42-506 Będzin (Grodziec),Przodowników Pracy Będzin będziński,śląskie
42-500 Będzin (Warpie),Przyjaźni Będzin będziński,śląskie
42-500 Będzin (Warpie),Wincentego Pstrowskiego Będzin będziński,śląskie
42-504 Będzin (Łagisza),Pustkowie Będzin będziński,śląskie
42-506 Będzin (Grodziec),Racjonalizatorów Będzin będziński,śląskie
42-504 Będzin (Łagisza),Radosna Będzin będziński,śląskie
42-500 Będzin,Mikołaja Reja Będzin będziński,śląskie
42-500 Będzin,Józefa Retingera Będzin będziński,śląskie
42-500 Będzin,Rewolucjonistów Będzin będziński,śląskie
42-500 Będzin (Małobądz),Władysława Reymonta Będzin będziński,śląskie
42-500 Będzin (Warpie),Robotnicza Będzin będziński,śląskie
42-506 Będzin,Rodzinna Będzin będziński,śląskie
42-500 Będzin (Małobądz),Rolnicza Będzin będziński,śląskie
42-500 Będzin,Różana Będzin będziński,śląskie
42-506 Będzin (Grodziec),Ludomira Różyckiego Będzin będziński,śląskie
42-500 Będzin,Henryka Rutkowskiego Będzin będziński,śląskie
42-500 Będzin,Rybna Będzin będziński,śląskie
42-500 Będzin,Rybny Rynek Będzin będziński,śląskie
42-500 Będzin,Rycerska Będzin będziński,śląskie
42-504 Będzin (Łagisza),Rzeczna Będzin będziński,śląskie
42-504 Będzin (Łagisza),Rzemieślnicza Będzin będziński,śląskie
42-500 Będzin,Rzeszowska Będzin będziński,śląskie
42-500 Będzin,Sadowa Będzin będziński,śląskie
42-500 Będzin,Sączewskiego Będzin będziński,śląskie
42-500 Będzin (Warpie),Sielecka Będzin będziński,śląskie
42-500 Będzin (Ksawera),Siemońska Będzin będziński,śląskie
42-500 Będzin (Warpie),Henryka Sienkiewicza Będzin będziński,śląskie
42-500 Będzin (Brzozowica),Zygmunta Sierakowskiego Będzin będziński,śląskie
42-500 Będzin (Małobądz),Sierżanta Grzegorza Załogi Będzin będziński,śląskie
42-500 Będzin,Józefa Skalskiego Będzin będziński,śląskie
42-500 Będzin,Stanisława Skalskiego Będzin będziński,śląskie
42-500 Będzin,Skośna Będzin będziński,śląskie
42-500 Będzin (Warpie),Słoneczna Będzin będziński,śląskie
42-506 Będzin (Grodziec),Juliusza Słowackiego Będzin będziński,śląskie
42-500 Będzin (Małobądz),Słowiańska Będzin będziński,śląskie
42-500 Będzin,Sosnowa Będzin będziński,śląskie
42-500 Będzin (Ksawera),Spacerowa Będzin będziński,śląskie
42-500 Będzin (Brzozowica),Spokojna Będzin będziński,śląskie
42-500 Będzin,Sportowa Będzin będziński,śląskie
42-500 Będzin (Warpie),Spółdzielcza Będzin będziński,śląskie
42-504 Będzin (Łagisza),Stachowe Będzin będziński,śląskie
42-500 Będzin (Ksawera),Wawrzyńca Stalickiego Będzin będziński,śląskie
42-500 Będzin,Stawowa Będzin będziński,śląskie
42-500 Będzin,Stokrotek Będzin będziński,śląskie
42-506 Będzin (Grodziec),Strzyżowicka Będzin będziński,śląskie
42-500 Będzin,Lucjana Szenwalda Będzin będziński,śląskie
42-500 Będzin (Małobądz),Szkolna Będzin będziński,śląskie
42-500 Będzin,Rafała Sznajdera Będzin będziński,śląskie
42-500 Będzin (Małobądz),Szybowa Będzin będziński,śląskie
42-506 Będzin (Grodziec),Szybowcowa Będzin będziński,śląskie
42-500 Będzin,Wisławy Szymborskiej Będzin będziński,śląskie
42-500 Będzin,bp. Adama Śmigielskiego Będzin będziński,śląskie
42-500 Będzin (Ksawera),Środkowa Będzin będziński,śląskie
42-506 Będzin,prof. Jana Świderskiego Będzin będziński,śląskie
"42-500 Będzin (Brzozowica),""Karola Świerczewskiego 2-15, 17-103(n), Będzin będziński"",śląskie"
",""28-102(p), 115"","
42-504 Będzin (Łagisza),Karola Świerczewskiego 104-123 Będzin będziński,śląskie
42-504 Będzin (Łagisza),Świerkowa Będzin będziński,śląskie
42-500 Będzin (Warpie),Świętego Brata Alberta Będzin będziński,śląskie
42-500 Będzin,Teatralna Będzin będziński,śląskie
42-500 Będzin (Małobądz),Topolowa Będzin będziński,śląskie
42-506 Będzin (Grodziec),Torowa Będzin będziński,śląskie
42-500 Będzin,Tulipanów Będzin będziński,śląskie
42-500 Będzin,Turniejowa Będzin będziński,śląskie
42-500 Będzin,Juliana Tuwima Będzin będziński,śląskie
42-504 Będzin (Łagisza),Usługowa Będzin będziński,śląskie
42-500 Będzin,Andrzeja Wajdy Będzin będziński,śląskie
42-500 Będzin,Walki Młodych Będzin będziński,śląskie
42-500 Będzin (Warpie),Wapienna Będzin będziński,śląskie
42-500 Będzin (Ksawera),Wąska Będzin będziński,śląskie
42-500 Będzin (Warpie),Wesoła Będzin będziński,śląskie
42-506 Będzin (Grodziec),Węgroda Będzin będziński,śląskie
42-500 Będzin (Brzozowica),Wiejska Będzin będziński,śląskie
42-500 Będzin (Małobądz),Wierzbowa Będzin będziński,śląskie
42-500 Będzin (Warpie),Wilcza Będzin będziński,śląskie
42-506 Będzin (Grodziec),Willowa Będzin będziński,śląskie
42-506 Będzin (Grodziec),Wiśniowa Będzin będziński,śląskie
42-500 Będzin,Władysława Jagiełły Będzin będziński,śląskie
42-506 Będzin (Grodziec),Wojska Polskiego Będzin będziński,śląskie
"42-506 Będzin (Grodziec),""Wolności 80, 87-315(n), Będzin będziński"",śląskie"
,94-392(p),
"42-500 Będzin,""Wolności 1, 6-92 Będzin będziński"",śląskie"
42-500 Będzin (Warpie),Wolska Będzin będziński,śląskie
42-500 Będzin,Pl. Włodzimierza Wójcika Będzin będziński,śląskie
42-506 Będzin (Grodziec),Walerego Wróblewskiego Będzin będziński,śląskie
42-500 Będzin,Wrzosowa Będzin będziński,śląskie
42-500 Będzin,Wspólna Będzin będziński,śląskie
42-500 Będzin,Stanisława Wygodzkiego Będzin będziński,śląskie
42-500 Będzin (Małobądz),Stanisława Wyspiańskiego Będzin będziński,śląskie
42-500 Będzin (Warpie),Wyzwolenia Będzin będziński,śląskie
42-500 Będzin (Brzozowica),Zaciszna Będzin będziński,śląskie
42-506 Będzin,mjr. Bolesława Zagórnego Będzin będziński,śląskie
42-500 Będzin (Warpie),Zagórska Będzin będziński,śląskie
42-500 Będzin,Zamkowa Będzin będziński,śląskie
42-500 Będzin,Zawale Będzin będziński,śląskie
42-500 Będzin (Małobądz),Zawodzie Będzin będziński,śląskie
42-500 Będzin (Brzozowica),Zielona Będzin będziński,śląskie
42-500 Będzin,Zwycięstwa Będzin będziński,śląskie
42-500 Będzin (Małobądz),Stefana Żeromskiego Będzin będziński,śląskie
42-500 Będzin (Ksawera),Franciszka Żwirki i Stanisława Wigury Będzin będziński,śląskie
42-506 Będzin (Grodziec),Żytnia Będzin będziński,śląskie
76-037 Będzinko (Zagaje),Będzino koszaliński,zachodniopomorskie
76-037 Będzinko (Barnin),Będzino koszaliński,zachodniopomorskie
76-037 Będzinko,Będzino koszaliński,zachodniopomorskie
76-037 Będzino,Będzino koszaliński,zachodniopomorskie
19-504 Będziszewo,Dubeninki gołdapski,warmińsko-mazurskie
88-180 Będzitowo,Złotniki Kujawskie inowrocławski,kujawsko-pomorskie
88-180 Będzitówek,Złotniki Kujawskie inowrocławski,kujawsko-pomorskie
09-300 Będzymin,Żuromin żuromiński,mazowieckie
97-510 Będzyn,Ręczno piotrkowski,łódzkie
97-515 Będzyn,Masłowice radomszczański,łódzkie
89-652 Będźmierowice,Czersk chojnicki,pomorskie
11-311 Bęsia,Kolno olsztyński,warmińsko-mazurskie
87-603 Bętlewo,Wielgie lipnowski,kujawsko-pomorskie
46-233 Biadacz,Kluczbork kluczborski,opolskie
46-233 Biadacz (Brodnica),Kluczbork kluczborski,opolskie
46-233 Biadacz (Kamienisko),Kluczbork kluczborski,opolskie
46-233 Biadacz (Przybkowice),Kluczbork kluczborski,opolskie
46-233 Biadacz (Wrzosy),Kluczbork kluczborski,opolskie
46-022 Biadacz,Łubniany opolski,opolskie
98-260 Biadaczew,Burzenin sieradzki,łódzkie
